OrderID,ProductID,Order_UnitPrice,Order_Quantity,Order_Amount
1,40,34.8,5.0,174.0
1,49,14.0,12.0,168.0
1,60,9.8,10.0,98.0
2,36,42.4,40.0,1696.0
2,69,18.6,9.0,167.4
3,29,7.7,10.0,77.0
3,34,16.8,15.0,252.0
3,36,42.4,35.0,1484.0
4,25,16.8,6.0,100.8
4,34,16.8,20.0,336.0
4,52,15.6,15.0,234.0
5,3,27.2,40.0,1088.0
5,15,2.0,25.0,50.0
5,61,64.8,40.0,2592.0
6,7,14.4,42.0,604.8
6,18,10.0,20.0,200.0
6,38,16.0,40.0,640.0
7,21,3.6,15.0,54.0
7,33,8.0,21.0,168.0
7,48,19.2,21.0,403.2
8,6,15.2,20.0,304.0
8,27,15.2,25.0,380.0
8,46,13.9,35.0,486.5
8,51,44.0,30.0,1320.0
9,44,10.4,12.0,124.8
9,47,26.2,15.0,393.0
10,7,14.4,6.0,86.4
10,44,10.4,15.0,156.0
10,58,35.1,25.0,877.5
11,6,15.2,50.0,760.0
11,9,17.0,65.0,1105.0
11,37,25.6,6.0,153.6
12,20,20.8,1.0,20.8
12,62,8.0,10.0,80.0
13,29,7.7,16.0,123.2
13,45,12.0,21.0,252.0
13,52,15.6,50.0,780.0
13,66,39.4,15.0,591.0
14,62,8.0,20.0,160.0
14,65,14.4,20.0,288.0
15,9,17.0,12.0,204.0
15,17,30.4,2.0,60.8
15,72,24.0,15.0,360.0
16,21,3.6,28.0,100.8
16,33,8.0,36.0,288.0
16,41,20.7,60.0,1242.0
16,46,13.9,60.0,834.0
17,6,15.2,35.0,532.0
17,29,7.7,25.0,192.5
18,0,31.2,30.0,936.0
18,45,12.0,20.0,240.0
19,50,30.4,12.0,364.8
20,2,14.7,50.0,735.0
20,31,14.4,15.0,216.0
20,51,44.0,70.0,3080.0
21,40,27.8,4.0,111.2
21,68,99.0,10.0,990.0
22,15,2.0,60.0,120.0
22,40,27.8,20.0,556.0
23,27,15.2,30.0,456.0
23,28,36.8,25.0,920.0
24,15,2.0,24.0,48.0
25,18,10.0,40.0,400.0
25,40,27.8,24.0,667.2
25,61,64.8,6.0,388.8
26,2,14.7,60.0,882.0
26,15,2.0,20.0,40.0
26,18,10.0,15.0,150.0
26,26,24.8,24.0,595.2
26,31,14.4,33.0,475.2
27,14,17.2,20.0,344.0
27,40,27.8,7.0,194.6
28,21,3.6,12.0,43.2
28,51,44.0,6.0,264.0
29,26,24.8,15.0,372.0
29,30,4.8,10.0,48.0
30,55,36.4,20.0,728.0
30,66,39.4,12.0,472.8
31,23,15.5,16.0,248.0
31,51,44.0,15.0,660.0
31,54,12.0,25.0,300.0
31,74,35.1,8.0,280.8
32,0,31.2,15.0,468.0
33,21,3.6,12.0,43.2
33,48,19.2,20.0,384.0
33,53,6.2,30.0,186.0
34,21,3.6,6.0,21.6
34,65,14.4,4.0,57.6
34,67,7.3,1.0,7.3
35,41,20.7,6.0,124.2
35,52,15.6,2.0,31.2
36,3,27.2,35.0,952.0
36,16,12.4,20.0,248.0
36,40,27.8,3.0,83.4
36,67,7.3,18.0,131.4
37,3,27.2,20.0,544.0
37,23,15.5,21.0,325.5
37,32,11.2,5.0,56.0
37,58,35.1,15.0,526.5
38,2,14.7,40.0,588.0
38,5,14.4,45.0,648.0
38,47,26.2,36.0,943.2
39,65,14.4,100.0,1440.0
39,66,39.4,40.0,1576.0
40,46,13.9,40.0,556.0
40,57,11.2,20.0,224.0
40,64,9.6,15.0,144.0
41,59,10.0,3.0,30.0
41,70,5.9,10.0,59.0
42,1,8.0,30.0,240.0
42,75,26.6,9.0,239.4
43,9,17.0,20.0,340.0
43,38,16.0,15.0,240.0
43,44,10.4,10.0,104.0
43,68,99.0,15.0,1485.0
44,23,15.5,24.0,372.0
44,30,4.8,20.0,96.0
44,36,42.4,2.0,84.8
45,61,64.8,20.0,1296.0
46,4,50.0,12.0,600.0
46,21,3.6,10.0,36.0
46,53,6.2,6.0,37.2
46,74,35.1,5.0,175.5
47,0,31.2,15.0,468.0
47,3,27.2,21.0,571.2
47,5,14.4,18.0,259.2
47,28,36.8,15.0,552.0
47,53,6.2,6.0,37.2
48,17,30.4,4.0,121.6
49,22,28.8,15.0,432.0
49,46,13.9,30.0,417.0
49,49,16.8,12.0,201.6
50,7,14.4,60.0,864.0
50,40,27.8,20.0,556.0
51,6,15.2,40.0,608.0
51,27,15.2,40.0,608.0
51,51,44.0,30.0,1320.0
51,66,39.4,15.0,591.0
52,45,12.0,20.0,240.0
52,67,7.3,15.0,109.5
53,35,13.6,30.0,408.0
53,59,10.0,20.0,200.0
54,2,14.7,10.0,147.0
54,17,30.4,20.0,608.0
55,0,31.2,40.0,1248.0
55,28,36.8,12.0,441.6
55,55,36.4,28.0,1019.2
56,2,14.7,40.0,588.0
56,34,16.8,30.0,504.0
56,59,10.0,15.0,150.0
57,14,17.2,2.0,34.4
57,38,16.0,30.0,480.0
57,51,44.0,10.0,440.0
58,4,50.0,25.0,1250.0
58,7,14.4,30.0,432.0
58,68,99.0,25.0,2475.0
59,41,20.7,10.0,207.0
59,47,26.2,10.0,262.0
59,70,5.9,5.0,29.5
60,59,10.0,3.0,30.0
60,66,39.4,10.0,394.0
61,22,28.8,1.0,28.8
61,45,12.0,5.0,60.0
62,8,17.6,20.0,352.0
62,14,17.2,3.0,51.6
62,19,20.0,30.0,600.0
62,28,36.8,20.0,736.0
62,60,11.2,2.0,22.4
63,46,13.9,10.0,139.0
63,66,39.4,5.0,197.0
64,22,28.8,7.0,201.6
64,60,11.2,6.0,67.2
65,28,36.8,24.0,883.2
65,47,26.2,20.0,524.0
65,53,6.2,10.0,62.0
65,55,36.4,4.0,145.6
66,27,15.2,12.0,182.4
67,12,10.6,30.0,318.0
67,37,25.6,40.0,1024.0
67,66,39.4,25.0,985.0
68,45,12.0,30.0,360.0
68,57,11.2,14.0,156.8
69,29,7.7,10.0,77.0
69,66,39.4,70.0,2758.0
70,5,14.4,20.0,288.0
71,29,7.7,20.0,154.0
71,31,14.4,6.0,86.4
72,0,31.2,8.0,249.6
72,31,14.4,30.0,432.0
72,55,36.4,14.0,509.6
73,14,17.2,30.0,516.0
74,65,14.4,10.0,144.0
75,13,5.6,20.0,112.0
76,7,14.4,4.0,57.6
76,16,12.4,5.0,62.0
76,43,11.2,4.0,44.8
77,46,13.9,21.0,291.9
77,51,44.0,40.0,1760.0
77,64,9.6,30.0,288.0
77,65,14.4,70.0,1008.0
77,74,35.1,80.0,2808.0
78,18,10.0,4.0,40.0
78,19,20.0,6.0,120.0
78,30,4.8,12.0,57.6
78,40,27.8,40.0,1112.0
78,69,18.6,9.0,167.4
79,8,17.6,24.0,422.4
79,52,15.6,16.0,249.6
79,53,6.2,50.0,310.0
80,6,15.2,25.0,380.0
80,12,10.6,30.0,318.0
80,41,20.7,35.0,724.5
80,49,16.8,50.0,840.0
81,34,16.8,40.0,672.0
81,51,44.0,9.0,396.0
81,59,10.0,10.0,100.0
82,11,210.8,20.0,4216.0
82,17,30.4,12.0,364.8
82,41,20.7,8.0,165.6
82,67,7.3,10.0,73.0
83,24,24.9,50.0,1245.0
83,40,27.8,25.0,695.0
84,70,5.9,15.0,88.5
85,4,50.0,40.0,2000.0
85,60,11.2,10.0,112.0
85,76,7.6,16.0,121.6
86,14,17.2,40.0,688.0
86,62,8.0,10.0,80.0
86,69,18.6,10.0,186.0
87,13,5.6,8.0,44.8
87,59,10.0,10.0,100.0
88,6,15.2,7.0,106.4
88,18,10.0,25.0,250.0
88,36,42.4,48.0,2035.2
88,37,25.6,6.0,153.6
89,8,17.6,18.0,316.8
90,20,20.8,28.0,582.4
90,24,24.9,24.0,597.6
90,27,15.2,20.0,304.0
90,40,27.8,25.0,695.0
90,71,7.2,40.0,288.0
91,0,31.2,20.0,624.0
91,41,20.7,15.0,310.5
92,0,31.2,70.0,2184.0
92,8,17.6,10.0,176.0
92,66,39.4,28.0,1103.2
93,4,50.0,20.0,1000.0
93,28,36.8,40.0,1472.0
93,29,7.7,12.0,92.4
94,15,2.0,8.0,16.0
94,51,44.0,9.0,396.0
95,6,15.2,24.0,364.8
95,18,10.0,56.0,560.0
95,27,15.2,40.0,608.0
95,48,19.2,40.0,768.0
96,31,14.4,15.0,216.0
96,59,10.0,4.0,40.0
96,75,26.6,50.0,1330.0
97,8,17.6,35.0,616.0
97,42,32.0,70.0,2240.0
98,42,32.0,70.0,2240.0
98,60,11.2,9.0,100.8
98,67,7.3,80.0,584.0
99,0,31.2,36.0,1123.2
99,17,30.4,20.0,608.0
100,2,14.7,4.0,58.8
100,7,14.4,50.0,720.0
100,43,11.2,10.0,112.0
100,53,6.2,6.0,37.2
101,5,14.4,15.0,216.0
101,71,7.2,25.0,180.0
102,70,5.9,24.0,141.6
103,22,28.8,18.0,518.4
103,73,13.0,15.0,195.0
104,11,210.8,20.0,4216.0
104,23,15.5,77.0,1193.5
104,29,7.7,13.0,100.1
104,34,16.8,10.0,168.0
105,21,3.6,10.0,36.0
105,70,5.9,20.0,118.0
106,11,210.8,50.0,10540.0
106,49,16.8,12.0,201.6
107,5,14.4,12.0,172.8
107,68,99.0,4.0,396.0
108,21,3.6,25.0,90.0
108,52,15.6,25.0,390.0
109,18,10.0,30.0,300.0
109,22,28.8,20.0,576.0
109,48,19.2,12.0,230.4
110,3,27.2,8.0,217.6
110,24,24.9,16.0,398.4
110,26,24.8,30.0,744.0
111,21,3.6,10.0,36.0
111,27,15.2,20.0,304.0
111,57,11.2,10.0,112.0
112,3,27.2,80.0,2176.0
112,18,10.0,70.0,700.0
112,46,13.9,56.0,778.4
113,11,210.8,10.0,2108.0
113,38,16.0,35.0,560.0
113,55,36.4,30.0,1092.0
113,68,99.0,35.0,3465.0
113,70,5.9,28.0,165.2
114,3,27.2,55.0,1496.0
114,7,14.4,54.0,777.6
115,36,42.4,20.0,848.0
115,43,11.2,50.0,560.0
115,70,5.9,24.0,141.6
116,18,10.0,20.0,200.0
116,31,14.4,12.0,172.8
116,53,6.2,12.0,74.4
117,14,17.2,5.0,86.0
117,22,28.8,30.0,864.0
118,49,16.8,24.0,403.2
119,34,16.8,5.0,84.0
119,44,10.4,5.0,52.0
120,34,16.8,15.0,252.0
120,44,10.4,7.0,72.8
120,57,11.2,36.0,403.2
120,70,5.9,18.0,106.2
121,52,15.6,25.0,390.0
121,55,36.4,13.0,473.2
121,62,8.0,5.0,40.0
121,75,26.6,35.0,931.0
122,17,30.4,18.0,547.2
122,68,99.0,20.0,1980.0
123,5,14.4,15.0,216.0
123,33,8.0,20.0,160.0
123,75,26.6,30.0,798.0
124,27,15.2,6.0,91.2
125,3,27.2,70.0,1904.0
125,11,210.8,40.0,8432.0
125,40,27.8,42.0,1167.6
125,61,64.8,12.0,777.6
126,12,10.6,80.0,848.0
126,14,17.2,50.0,860.0
127,12,10.6,15.0,159.0
127,18,10.0,30.0,300.0
128,69,18.6,15.0,279.0
128,70,5.9,10.0,59.0
129,18,10.0,42.0,420.0
130,7,14.4,20.0,288.0
130,55,36.4,20.0,728.0
131,14,17.2,6.0,103.2
132,29,7.7,8.0,61.6
132,34,16.8,20.0,336.0
132,74,35.1,16.0,561.6
133,3,27.2,6.0,163.2
133,41,20.7,18.0,372.6
133,45,12.0,30.0,360.0
133,47,26.2,20.0,524.0
134,33,8.0,14.0,112.0
135,4,50.0,9.0,450.0
135,9,17.0,32.0,544.0
135,15,2.0,60.0,120.0
135,33,8.0,50.0,400.0
135,68,99.0,14.0,1386.0
136,17,30.4,20.0,608.0
136,30,4.8,20.0,96.0
136,73,13.0,15.0,195.0
137,3,27.2,15.0,408.0
137,61,64.8,28.0,1814.4
138,3,27.2,20.0,544.0
138,59,10.0,8.0,80.0
138,72,24.0,10.0,240.0
139,21,3.6,15.0,54.0
139,57,11.2,10.0,112.0
140,14,17.2,15.0,258.0
140,21,3.6,15.0,54.0
140,51,44.0,12.0,528.0
140,55,36.4,6.0,218.4
141,13,5.6,20.0,112.0
141,47,26.2,40.0,1048.0
141,56,7.6,15.0,114.0
142,26,24.8,16.0,396.8
142,45,12.0,30.0,360.0
142,48,19.2,15.0,288.0
142,66,39.4,20.0,788.0
143,18,10.0,60.0,600.0
143,40,27.8,24.0,667.2
143,64,9.6,45.0,432.0
143,65,14.4,40.0,576.0
144,30,4.8,18.0,86.4
145,22,28.8,50.0,1440.0
146,6,15.2,25.0,380.0
146,18,10.0,32.0,320.0
146,24,24.9,70.0,1743.0
146,43,11.2,7.0,78.4
146,69,18.6,42.0,781.2
147,30,4.8,10.0,48.0
147,66,39.4,10.0,394.0
148,22,28.8,8.0,230.4
148,47,26.2,70.0,1834.0
148,64,9.6,28.0,268.8
149,14,17.2,60.0,1032.0
149,40,27.8,21.0,583.8
149,71,7.2,40.0,288.0
150,36,42.4,18.0,763.2
150,62,8.0,10.0,80.0
151,48,19.2,120.0,2304.0
151,65,14.4,30.0,432.0
152,14,17.2,30.0,516.0
152,31,14.4,35.0,504.0
152,44,10.4,14.0,145.6
152,59,10.0,60.0,600.0
153,38,16.0,30.0,480.0
153,65,14.4,35.0,504.0
153,68,99.0,21.0,2079.0
154,14,17.2,60.0,1032.0
154,17,30.4,70.0,2128.0
154,34,16.8,20.0,336.0
154,41,20.7,18.0,372.6
155,71,7.2,60.0,432.0
155,74,35.1,65.0,2281.5
156,10,10.2,70.0,714.0
156,46,13.9,21.0,291.9
157,24,24.9,30.0,747.0
157,38,16.0,30.0,480.0
157,60,11.2,40.0,448.0
158,1,8.0,50.0,400.0
159,2,14.7,2.0,29.4
159,5,14.4,10.0,144.0
159,27,15.2,5.0,76.0
159,55,36.4,42.0,1528.8
159,62,8.0,30.0,240.0
160,14,17.2,15.0,258.0
160,22,28.8,15.0,432.0
160,49,16.8,30.0,504.0
161,20,20.8,10.0,208.0
161,66,39.4,35.0,1379.0
161,70,5.9,6.0,35.4
162,62,8.0,12.0,96.0
162,69,18.6,12.0,223.2
163,15,2.0,49.0,98.0
163,51,44.0,16.0,704.0
164,23,15.5,40.0,620.0
164,29,7.7,25.0,192.5
164,51,44.0,9.0,396.0
165,69,18.6,20.0,372.0
166,5,14.4,24.0,345.6
166,31,14.4,14.0,201.6
166,66,39.4,40.0,1576.0
167,15,2.0,50.0,100.0
167,67,7.3,18.0,131.4
168,0,31.2,2.0,62.4
168,15,2.0,20.0,40.0
169,47,26.2,10.0,262.0
169,52,15.6,20.0,312.0
169,67,7.3,20.0,146.0
170,11,210.8,50.0,10540.0
170,44,10.4,35.0,364.0
170,59,10.0,36.0,360.0
170,64,9.6,2.0,19.2
171,6,15.2,60.0,912.0
171,33,8.0,15.0,120.0
171,63,22.8,16.0,364.8
171,76,7.6,55.0,418.0
172,3,27.2,60.0,1632.0
172,22,28.8,20.0,576.0
173,30,4.8,2.0,9.6
173,39,77.6,20.0,1552.0
173,45,12.0,8.0,96.0
173,54,12.0,20.0,240.0
174,24,24.9,30.0,747.0
174,44,10.4,10.0,104.0
174,47,26.2,15.0,393.0
174,67,7.3,4.0,29.2
175,24,24.9,2.0,49.8
176,18,10.0,14.0,140.0
176,51,44.0,20.0,880.0
177,11,210.8,49.0,10329.2
177,59,10.0,30.0,300.0
177,65,14.4,60.0,864.0
178,31,14.4,20.0,288.0
178,48,19.2,10.0,192.0
179,17,30.4,5.0,152.0
179,75,26.6,7.0,186.2
180,69,18.6,35.0,651.0
181,64,9.6,20.0,192.0
182,73,13.0,40.0,520.0
182,74,35.1,35.0,1228.5
183,0,31.2,45.0,1404.0
183,17,30.4,30.0,912.0
183,51,44.0,70.0,3080.0
183,62,8.0,50.0,400.0
184,0,31.2,50.0,1560.0
184,2,14.7,50.0,735.0
184,76,7.6,30.0,228.0
185,24,24.9,10.0,249.0
185,70,5.9,40.0,236.0
186,17,30.4,28.0,851.2
187,31,14.4,18.0,259.2
187,49,16.8,6.0,100.8
188,6,15.2,10.0,152.0
188,25,16.8,12.0,201.6
188,40,27.8,10.0,278.0
189,17,30.4,40.0,1216.0
189,53,6.2,24.0,148.8
189,64,9.6,5.0,48.0
189,75,26.6,30.0,798.0
190,47,26.2,15.0,393.0
191,52,15.6,15.0,234.0
191,57,11.2,20.0,224.0
191,67,7.3,15.0,109.5
192,33,8.0,30.0,240.0
192,46,13.9,16.0,222.4
192,50,30.4,15.0,456.0
192,75,26.6,6.0,159.6
193,6,15.2,45.0,684.0
193,46,13.9,49.0,681.1
193,63,22.8,90.0,2052.0
193,68,99.0,24.0,2376.0
194,58,35.1,50.0,1755.0
195,35,13.6,60.0,816.0
195,49,16.8,30.0,504.0
195,70,5.9,80.0,472.0
196,49,16.8,6.0,100.8
196,55,36.4,12.0,436.8
197,0,31.2,10.0,312.0
197,24,24.9,15.0,373.5
197,29,7.7,30.0,231.0
197,65,14.4,8.0,115.2
198,7,14.4,6.0,86.4
198,70,5.9,15.0,88.5
199,13,5.6,15.0,84.0
199,18,10.0,3.0,30.0
199,21,3.6,20.0,72.0
199,67,7.3,12.0,87.6
200,14,17.2,2.0,34.4
200,34,16.8,35.0,588.0
200,67,7.3,40.0,292.0
201,2,14.7,20.0,294.0
201,24,24.9,6.0,149.4
202,13,5.6,20.0,112.0
202,26,24.8,14.0,347.2
202,66,39.4,35.0,1379.0
203,26,24.8,20.0,496.0
203,70,5.9,6.0,35.4
204,34,16.8,28.0,470.4
204,44,10.4,55.0,572.0
204,48,19.2,120.0,2304.0
204,75,26.6,35.0,931.0
205,23,15.5,100.0,1550.0
205,55,36.4,15.0,546.0
206,10,10.2,15.0,153.0
206,45,12.0,25.0,300.0
207,15,2.0,20.0,40.0
207,46,13.9,20.0,278.0
207,64,9.6,10.0,96.0
208,7,14.4,20.0,288.0
208,14,17.2,30.0,516.0
208,47,26.2,50.0,1310.0
208,63,22.8,25.0,570.0
209,38,16.0,21.0,336.0
209,62,8.0,40.0,320.0
210,51,44.0,36.0,1584.0
211,14,17.2,50.0,860.0
211,17,30.4,15.0,456.0
211,24,24.9,30.0,747.0
211,28,36.8,20.0,736.0
211,55,36.4,30.0,1092.0
212,40,27.8,40.0,1112.0
212,64,9.6,20.0,192.0
212,72,24.0,16.0,384.0
213,53,6.2,4.0,24.8
213,59,10.0,21.0,210.0
214,41,20.7,28.0,579.6
214,48,19.2,60.0,1152.0
214,62,8.0,40.0,320.0
215,30,4.8,1.0,4.8
215,71,7.2,21.0,151.2
216,60,11.2,50.0,560.0
216,67,7.3,21.0,153.3
217,3,27.2,20.0,544.0
217,8,17.6,16.0,281.6
217,17,30.4,30.0,912.0
217,28,36.8,3.0,110.4
218,2,14.7,20.0,294.0
218,21,3.6,25.0,90.0
218,56,7.6,30.0,228.0
218,68,99.0,18.0,1782.0
218,73,13.0,25.0,325.0
219,49,16.8,10.0,168.0
219,64,9.6,5.0,48.0
220,21,3.6,28.0,100.8
220,43,11.2,12.0,134.4
221,28,36.8,15.0,552.0
221,41,20.7,8.0,165.6
222,6,15.2,40.0,608.0
222,23,15.5,2.0,31.0
222,46,13.9,35.0,486.5
223,4,50.0,30.0,1500.0
223,71,7.2,15.0,108.0
223,75,26.6,8.0,212.8
224,17,30.4,20.0,608.0
224,72,24.0,30.0,720.0
225,21,3.6,80.0,288.0
225,36,42.4,18.0,763.2
226,14,17.2,12.0,206.4
226,15,2.0,12.0,24.0
227,2,14.7,21.0,308.7
227,53,6.2,10.0,62.0
227,55,36.4,18.0,655.2
227,69,18.6,12.0,223.2
228,18,10.0,35.0,350.0
228,31,14.4,42.0,604.8
228,35,13.6,60.0,816.0
229,45,12.0,12.0,144.0
229,48,19.2,2.0,38.4
230,5,14.4,15.0,216.0
230,7,14.4,20.0,288.0
230,62,8.0,21.0,168.0
231,26,24.8,20.0,496.0
232,11,210.8,30.0,6324.0
232,47,26.2,28.0,733.6
232,51,44.0,60.0,2640.0
232,75,26.6,30.0,798.0
233,51,44.0,12.0,528.0
233,76,7.6,30.0,228.0
234,3,27.2,40.0,1088.0
234,38,16.0,24.0,384.0
235,2,14.7,10.0,147.0
236,44,10.4,30.0,312.0
236,57,11.2,35.0,392.0
237,2,14.7,10.0,147.0
237,36,42.4,3.0,127.2
237,62,8.0,14.0,112.0
238,1,8.0,20.0,160.0
238,6,15.2,20.0,304.0
238,45,12.0,60.0,720.0
238,48,19.2,30.0,576.0
239,33,8.0,16.0,128.0
239,36,42.4,25.0,1060.0
239,49,16.8,5.0,84.0
240,24,24.9,30.0,747.0
240,67,7.3,5.0,36.5
240,70,5.9,24.0,141.6
241,51,44.0,30.0,1320.0
241,54,12.0,20.0,240.0
242,46,13.9,18.0,250.2
242,49,16.8,15.0,252.0
243,51,44.0,60.0,2640.0
243,53,6.2,36.0,223.2
243,59,10.0,30.0,300.0
244,23,15.5,15.0,232.5
244,44,10.4,7.0,72.8
245,43,11.2,60.0,672.0
245,60,11.2,20.0,224.0
246,22,28.8,10.0,288.0
246,34,16.8,15.0,252.0
246,35,13.6,10.0,136.0
247,17,30.4,30.0,912.0
248,29,7.7,20.0,154.0
248,44,10.4,5.0,52.0
248,71,7.2,10.0,72.0
249,18,10.0,20.0,200.0
250,17,30.4,14.0,425.6
250,40,27.8,25.0,695.0
250,44,10.4,25.0,260.0
251,2,18.4,5.0,92.0
251,21,4.5,14.0,63.0
251,60,14.0,30.0,420.0
252,38,20.0,25.0,500.0
252,55,45.6,20.0,912.0
253,16,15.5,12.0,186.0
253,55,45.6,8.0,364.8
254,70,7.45,20.0,149.0
255,32,14.0,30.0,420.0
255,47,32.8,6.0,196.8
255,56,9.5,21.0,199.5
256,34,21.05,20.0,421.0
256,69,23.25,70.0,1627.5
257,6,19.0,12.0,228.0
257,47,32.8,10.0,328.0
257,62,10.0,12.0,120.0
257,63,28.5,25.0,712.5
258,66,49.3,3.0,147.9
259,43,14.0,18.0,252.0
259,45,15.0,14.0,210.0
260,10,12.75,15.0,191.25
260,28,46.0,15.0,690.0
261,7,18.0,10.0,180.0
261,30,6.0,10.0,60.0
262,55,45.6,3.0,136.8
263,53,7.75,36.0,279.0
263,68,123.79,36.0,4456.44
264,8,22.0,50.0,1100.0
264,42,40.0,10.0,400.0
264,72,30.0,50.0,1500.0
265,3,34.0,12.0,408.0
265,21,4.5,10.0,45.0
265,64,12.0,9.0,108.0
265,76,9.5,6.0,57.0
266,37,32.0,50.0,1600.0
266,62,10.0,40.0,400.0
266,63,28.5,15.0,427.5
267,17,38.0,70.0,2660.0
267,34,21.05,39.0,820.95
267,53,7.75,50.0,387.5
267,55,45.6,35.0,1596.0
267,61,81.0,39.0,3159.0
268,3,34.0,84.0,2856.0
268,15,2.5,16.0,40.0
268,39,97.0,16.0,1552.0
268,46,17.45,50.0,872.5
268,58,43.9,120.0,5268.0
269,4,62.5,25.0,1562.5
269,29,9.65,80.0,772.0
269,60,14.0,20.0,280.0
270,13,7.0,6.0,42.0
270,45,15.0,6.0,90.0
270,51,55.0,4.0,220.0
271,11,263.5,15.0,3952.5
271,21,4.5,5.0,22.5
271,23,19.45,9.0,175.05
272,3,34.0,10.0,340.0
272,17,38.0,40.0,1520.0
272,26,31.0,16.0,496.0
273,21,4.5,8.0,36.0
273,47,32.8,5.0,164.0
274,29,9.65,10.0,96.5
274,59,12.5,6.0,75.0
274,65,18.0,3.0,54.0
275,2,18.4,25.0,460.0
275,5,18.0,40.0,720.0
275,41,25.89,20.0,517.8
275,42,40.0,24.0,960.0
276,0,39.0,25.0,975.0
276,20,26.0,18.0,468.0
276,29,9.65,6.0,57.9
276,61,81.0,15.0,1215.0
277,26,31.0,2.0,62.0
277,28,46.0,60.0,2760.0
277,41,25.89,10.0,258.9
277,70,7.45,15.0,111.75
278,2,18.4,15.0,276.0
278,27,19.0,30.0,570.0
279,5,18.0,8.0,144.0
279,17,38.0,30.0,1140.0
279,30,6.0,10.0,60.0
280,8,22.0,50.0,1100.0
280,27,19.0,30.0,570.0
281,15,2.5,8.0,20.0
281,40,34.8,9.0,313.2
281,49,21.0,3.0,63.0
282,22,36.0,10.0,360.0
282,48,24.0,14.0,336.0
282,59,12.5,20.0,250.0
283,0,39.0,40.0,1560.0
283,28,46.0,25.0,1150.0
283,31,18.0,50.0,900.0
283,63,28.5,20.0,570.0
284,51,55.0,2.0,110.0
285,35,17.0,24.0,408.0
285,41,25.89,15.0,388.35
286,8,22.0,50.0,1100.0
286,40,34.8,24.0,835.2
286,54,15.0,24.0,360.0
287,2,18.4,10.0,184.0
287,41,25.89,10.0,258.9
287,70,7.45,10.0,74.5
288,2,18.4,10.0,184.0
288,49,21.0,50.0,1050.0
288,51,55.0,15.0,825.0
288,52,19.5,5.0,97.5
289,3,34.0,35.0,1190.0
289,15,2.5,30.0,75.0
289,18,12.5,20.0,250.0
289,50,38.0,15.0,570.0
290,12,13.25,20.0,265.0
290,18,12.5,30.0,375.0
290,36,53.0,6.0,318.0
290,40,34.8,21.0,730.8
290,54,15.0,9.0,135.0
291,40,34.8,1.0,34.8
291,45,15.0,7.0,105.0
292,15,2.5,15.0,37.5
292,30,6.0,8.0,48.0
292,38,20.0,6.0,120.0
292,62,10.0,15.0,150.0
293,1,10.0,60.0,600.0
293,11,263.5,30.0,7905.0
293,24,31.23,40.0,1249.2
293,59,12.5,35.0,437.5
294,11,263.5,4.0,1054.0
294,14,21.5,9.0,193.5
294,21,4.5,35.0,157.5
294,34,21.05,36.0,757.8
295,49,21.0,15.0,315.0
295,70,7.45,24.0,178.8
296,50,38.0,30.0,1140.0
296,71,9.0,70.0,630.0
297,32,14.0,7.0,98.0
297,55,45.6,7.0,319.2
298,49,21.0,10.0,210.0
299,65,18.0,30.0,540.0
299,66,49.3,40.0,1972.0
299,72,30.0,10.0,300.0
300,27,19.0,60.0,1140.0
300,37,32.0,24.0,768.0
301,29,9.65,14.0,135.1
301,57,14.0,10.0,140.0
302,18,12.5,55.0,687.5
302,36,53.0,48.0,2544.0
302,56,9.5,100.0,950.0
303,0,39.0,8.0,312.0
303,62,10.0,6.0,60.0
303,63,28.5,10.0,285.0
303,67,9.2,10.0,92.0
304,23,19.45,40.0,778.0
304,46,17.45,40.0,698.0
304,65,18.0,20.0,360.0
305,22,36.0,18.0,648.0
305,53,7.75,30.0,232.5
306,18,12.5,30.0,375.0
306,25,21.0,24.0,504.0
306,46,17.45,14.0,244.3
306,49,21.0,15.0,315.0
306,65,18.0,6.0,108.0
307,44,13.0,10.0,130.0
307,46,17.45,30.0,523.5
307,66,49.3,20.0,986.0
307,71,9.0,20.0,180.0
308,17,38.0,40.0,1520.0
308,21,4.5,18.0,81.0
308,36,53.0,20.0,1060.0
308,67,9.2,35.0,322.0
308,69,23.25,30.0,697.5
309,40,34.8,24.0,835.2
310,53,7.75,20.0,155.0
310,75,33.25,30.0,997.5
311,13,7.0,30.0,210.0
311,36,53.0,20.0,1060.0
311,47,32.8,18.0,590.4
311,54,15.0,3.0,45.0
311,76,9.5,25.0,237.5
312,29,9.65,12.0,115.8
312,48,24.0,18.0,432.0
313,41,25.89,20.0,517.8
313,66,49.3,15.0,739.5
314,23,19.45,10.0,194.5
314,36,53.0,50.0,2650.0
315,15,2.5,20.0,50.0
315,66,49.3,10.0,493.0
316,13,7.0,70.0,490.0
316,27,19.0,25.0,475.0
317,0,39.0,16.0,624.0
317,18,12.5,6.0,75.0
317,48,24.0,25.0,600.0
318,21,4.5,25.0,112.5
318,75,33.25,18.0,598.5
319,4,62.5,18.0,1125.0
319,31,18.0,10.0,180.0
319,49,21.0,35.0,735.0
320,18,12.5,60.0,750.0
320,36,53.0,3.0,159.0
320,51,55.0,40.0,2200.0
321,26,31.0,5.0,155.0
322,18,12.5,35.0,437.5
322,31,18.0,30.0,540.0
323,17,38.0,60.0,2280.0
323,49,21.0,15.0,315.0
324,60,14.0,28.0,392.0
324,69,23.25,11.0,255.75
325,2,18.4,50.0,920.0
325,37,32.0,10.0,320.0
325,46,17.45,12.0,209.4
325,53,7.75,15.0,116.25
326,0,39.0,18.0,702.0
326,47,32.8,25.0,820.0
326,57,14.0,40.0,560.0
327,2,18.4,2.0,36.8
327,15,2.5,14.0,35.0
327,66,49.3,10.0,493.0
327,75,33.25,6.0,199.5
328,31,18.0,10.0,180.0
328,40,34.8,30.0,1044.0
328,51,55.0,12.0,660.0
328,74,43.9,6.0,263.4
329,5,18.0,10.0,180.0
329,18,12.5,20.0,250.0
329,23,19.45,21.0,408.45
330,7,18.0,10.0,180.0
330,44,13.0,18.0,234.0
330,53,7.75,20.0,155.0
331,52,19.5,6.0,117.0
331,65,18.0,20.0,360.0
332,16,15.5,10.0,155.0
332,53,7.75,21.0,162.75
333,29,9.65,9.0,86.85
333,34,21.05,30.0,631.5
333,69,23.25,15.0,348.75
334,53,7.75,50.0,387.5
335,31,18.0,14.0,252.0
335,52,19.5,4.0,78.0
336,3,34.0,24.0,816.0
336,22,36.0,10.0,360.0
336,68,123.79,10.0,1237.9
337,18,12.5,50.0,625.0
338,76,9.5,15.0,142.5
339,13,7.0,4.0,28.0
340,24,31.23,6.0,187.38
340,44,13.0,20.0,260.0
340,65,18.0,20.0,360.0
341,4,62.5,40.0,2500.0
341,60,14.0,100.0,1400.0
342,65,18.0,4.0,72.0
343,5,18.0,20.0,360.0
343,44,13.0,60.0,780.0
344,1,10.0,14.0,140.0
344,70,7.45,50.0,372.5
344,72,30.0,10.0,300.0
345,16,15.5,25.0,387.5
345,24,31.23,5.0,156.15
346,22,36.0,20.0,720.0
346,31,18.0,4.0,72.0
346,61,81.0,21.0,1701.0
347,12,13.25,30.0,397.5
347,13,7.0,24.0,168.0
348,22,36.0,65.0,2340.0
348,63,28.5,120.0,3420.0
348,65,18.0,30.0,540.0
349,17,38.0,5.0,190.0
349,53,7.75,30.0,232.5
349,74,43.9,24.0,1053.6
350,21,4.5,35.0,157.5
350,34,21.05,12.0,252.6
350,52,19.5,20.0,390.0
351,14,21.5,9.0,193.5
351,58,43.9,50.0,2195.0
352,66,49.3,10.0,493.0
353,54,15.0,30.0,450.0
353,70,7.45,4.0,29.8
354,30,6.0,60.0,360.0
354,51,55.0,35.0,1925.0
355,44,13.0,5.0,65.0
356,25,21.0,48.0,1008.0
356,38,20.0,25.0,500.0
357,10,12.75,6.0,76.5
357,31,18.0,10.0,180.0
358,3,34.0,70.0,2380.0
358,14,21.5,15.0,322.5
358,46,17.45,30.0,523.5
358,51,55.0,20.0,1100.0
359,8,22.0,20.0,440.0
359,48,24.0,20.0,480.0
359,66,49.3,10.0,493.0
360,0,39.0,100.0,3900.0
360,2,18.4,42.0,772.8
360,15,2.5,14.0,35.0
360,40,34.8,12.0,417.6
360,72,30.0,45.0,1350.0
361,17,38.0,28.0,1064.0
362,5,18.0,3.0,54.0
362,26,31.0,10.0,310.0
362,62,10.0,6.0,60.0
363,27,19.0,21.0,399.0
364,3,34.0,15.0,510.0
364,5,18.0,6.0,108.0
364,6,19.0,10.0,190.0
365,3,34.0,40.0,1360.0
365,26,31.0,70.0,2170.0
365,27,19.0,55.0,1045.0
365,31,18.0,80.0,1440.0
365,38,20.0,18.0,360.0
366,30,6.0,8.0,48.0
366,53,7.75,40.0,310.0
367,7,18.0,5.0,90.0
367,49,21.0,14.0,294.0
367,62,10.0,8.0,80.0
368,48,24.0,5.0,120.0
369,11,263.5,15.0,3952.5
369,14,21.5,15.0,322.5
369,17,38.0,14.0,532.0
369,45,15.0,15.0,225.0
370,51,55.0,30.0,1650.0
371,17,38.0,20.0,760.0
371,19,25.0,70.0,1750.0
371,59,12.5,15.0,187.5
372,25,21.0,40.0,840.0
372,62,10.0,42.0,420.0
373,13,7.0,5.0,35.0
373,21,4.5,5.0,22.5
374,14,21.5,15.0,322.5
374,45,15.0,20.0,300.0
374,67,9.2,5.0,46.0
374,71,9.0,10.0,90.0
375,6,19.0,20.0,380.0
375,59,12.5,18.0,225.0
376,21,4.5,3.0,13.5
376,62,10.0,25.0,250.0
376,65,18.0,30.0,540.0
376,67,9.2,15.0,138.0
376,69,23.25,21.0,488.25
377,23,19.45,10.0,194.5
377,55,45.6,10.0,456.0
377,68,123.79,6.0,742.74
378,3,34.0,10.0,340.0
378,60,14.0,5.0,70.0
378,69,23.25,3.0,69.75
379,3,34.0,20.0,680.0
379,14,21.5,20.0,430.0
379,47,32.8,12.0,393.6
380,54,15.0,35.0,525.0
380,66,49.3,15.0,739.5
381,5,18.0,25.0,450.0
382,68,123.79,20.0,2475.8
382,75,33.25,9.0,299.25
383,31,18.0,35.0,630.0
383,48,24.0,12.0,288.0
384,53,7.75,8.0,62.0
385,6,19.0,30.0,570.0
385,15,2.5,20.0,50.0
386,24,31.23,35.0,1093.05
386,30,6.0,13.0,78.0
386,50,38.0,36.0,1368.0
386,66,49.3,80.0,3944.0
387,4,62.5,50.0,3125.0
387,36,53.0,15.0,795.0
387,53,7.75,2.0,15.5
387,72,30.0,35.0,1050.0
388,8,22.0,10.0,220.0
388,9,21.35,15.0,320.25
388,25,21.0,40.0,840.0
389,8,22.0,25.0,550.0
389,12,13.25,6.0,79.5
390,17,38.0,60.0,2280.0
390,49,21.0,10.0,210.0
390,73,16.25,25.0,406.25
391,34,21.05,21.0,442.05
391,40,34.8,60.0,2088.0
391,56,9.5,20.0,190.0
392,4,62.5,8.0,500.0
393,22,36.0,20.0,720.0
393,45,15.0,15.0,225.0
394,2,18.4,60.0,1104.0
394,6,19.0,50.0,950.0
395,62,10.0,30.0,300.0
395,63,28.5,20.0,570.0
396,7,18.0,21.0,378.0
396,55,45.6,15.0,684.0
396,64,12.0,2.0,24.0
397,4,62.5,4.0,250.0
397,28,46.0,20.0,920.0
397,64,12.0,21.0,252.0
398,4,62.5,20.0,1250.0
398,27,19.0,15.0,285.0
399,5,18.0,15.0,270.0
399,14,21.5,30.0,645.0
399,26,31.0,18.0,558.0
399,44,13.0,35.0,455.0
400,7,18.0,20.0,360.0
400,67,9.2,30.0,276.0
401,21,4.5,15.0,67.5
401,25,21.0,15.0,315.0
402,40,34.8,15.0,522.0
402,55,45.6,20.0,912.0
403,41,25.89,30.0,776.7
403,47,32.8,25.0,820.0
403,70,7.45,30.0,223.5
404,25,21.0,20.0,420.0
404,67,9.2,12.0,110.4
405,41,25.89,2.0,51.78
405,60,14.0,20.0,280.0
406,3,34.0,20.0,680.0
406,46,17.45,30.0,523.5
407,7,18.0,20.0,360.0
407,8,22.0,12.0,264.0
407,70,7.45,6.0,44.7
408,29,9.65,20.0,193.0
409,23,19.45,28.0,544.6
409,69,23.25,3.0,69.75
409,76,9.5,6.0,57.0
410,3,34.0,30.0,1020.0
410,16,15.5,50.0,775.0
410,17,38.0,45.0,1710.0
410,29,9.65,24.0,231.6
410,64,12.0,45.0,540.0
410,76,9.5,10.0,95.0
411,2,18.4,70.0,1288.0
411,3,34.0,55.0,1870.0
411,44,13.0,70.0,910.0
411,62,10.0,60.0,600.0
412,2,18.4,24.0,441.6
412,18,12.5,20.0,250.0
412,45,15.0,40.0,600.0
413,61,81.0,21.0,1701.0
414,7,18.0,3.0,54.0
414,12,13.25,49.0,649.25
415,59,12.5,10.0,125.0
416,2,18.4,30.0,552.0
416,36,53.0,20.0,1060.0
416,60,14.0,30.0,420.0
417,17,38.0,12.0,456.0
417,26,31.0,24.0,744.0
417,34,21.05,15.0,315.75
418,31,18.0,10.0,180.0
418,36,53.0,20.0,1060.0
418,51,55.0,1.0,55.0
419,34,21.05,10.0,210.5
419,68,123.79,36.0,4456.44
420,14,21.5,14.0,301.0
420,22,36.0,45.0,1620.0
421,18,12.5,8.0,100.0
421,48,24.0,4.0,96.0
421,75,33.25,15.0,498.75
422,27,19.0,30.0,570.0
423,32,14.0,25.0,350.0
423,53,7.75,25.0,193.75
423,54,15.0,50.0,750.0
423,64,12.0,60.0,720.0
423,71,9.0,32.0,288.0
424,34,21.05,12.0,252.6
424,46,17.45,10.0,174.5
424,66,49.3,10.0,493.0
425,11,263.5,15.0,3952.5
425,14,21.5,12.0,258.0
426,28,46.0,6.0,276.0
426,46,17.45,3.0,52.35
426,60,14.0,6.0,84.0
427,71,9.0,5.0,45.0
428,12,13.25,30.0,397.5
428,47,32.8,10.0,328.0
428,69,23.25,30.0,697.5
429,23,19.45,21.0,408.45
429,26,31.0,2.0,62.0
429,67,9.2,7.0,64.4
430,15,2.5,8.0,20.0
430,24,31.23,30.0,936.9
431,15,2.5,30.0,75.0
431,29,9.65,120.0,1158.0
431,50,38.0,100.0,3800.0
431,70,7.45,30.0,223.5
432,51,55.0,12.0,660.0
433,18,12.5,20.0,250.0
433,46,17.45,50.0,872.5
433,60,14.0,40.0,560.0
434,62,10.0,12.0,120.0
434,67,9.2,30.0,276.0
434,75,33.25,28.0,931.0
435,15,2.5,30.0,75.0
435,35,17.0,4.0,68.0
435,53,7.75,30.0,232.5
436,13,7.0,9.0,63.0
437,2,18.4,20.0,368.0
437,3,34.0,30.0,1020.0
437,76,9.5,40.0,380.0
438,26,31.0,20.0,620.0
438,29,9.65,4.0,38.6
438,76,9.5,15.0,142.5
439,0,39.0,30.0,1170.0
439,24,31.23,15.0,468.45
440,27,19.0,6.0,114.0
440,39,97.0,50.0,4850.0
440,68,123.79,10.0,1237.9
441,26,31.0,18.0,558.0
441,55,45.6,60.0,2736.0
441,57,14.0,14.0,196.0
442,5,18.0,35.0,630.0
443,17,38.0,20.0,760.0
443,44,13.0,30.0,390.0
444,5,18.0,30.0,540.0
444,23,19.45,24.0,466.8
444,28,46.0,40.0,1840.0
444,66,49.3,48.0,2366.4
444,68,123.79,40.0,4951.6
445,74,43.9,20.0,878.0
446,22,36.0,30.0,1080.0
446,39,97.0,6.0,582.0
446,54,15.0,15.0,225.0
446,70,7.45,60.0,447.0
447,45,15.0,50.0,750.0
447,51,55.0,25.0,1375.0
447,72,30.0,90.0,2700.0
448,21,4.5,20.0,90.0
448,42,40.0,10.0,400.0
448,50,38.0,4.0,152.0
449,0,39.0,20.0,780.0
449,64,12.0,18.0,216.0
450,12,13.25,30.0,397.5
450,45,15.0,30.0,450.0
450,65,18.0,9.0,162.0
450,67,9.2,7.0,64.4
451,0,39.0,8.0,312.0
451,34,21.05,65.0,1368.25
451,45,15.0,8.0,120.0
451,49,21.0,15.0,315.0
451,68,123.79,12.0,1485.48
452,76,9.5,12.0,114.0
453,5,18.0,5.0,90.0
453,14,21.5,60.0,1290.0
453,57,14.0,12.0,168.0
453,59,12.5,40.0,500.0
454,14,21.5,20.0,430.0
454,31,18.0,35.0,630.0
454,51,55.0,42.0,2310.0
455,1,10.0,6.0,60.0
455,31,18.0,15.0,270.0
456,6,19.0,5.0,95.0
456,51,55.0,35.0,1925.0
456,54,15.0,35.0,525.0
457,8,22.0,6.0,132.0
457,10,12.75,24.0,306.0
457,21,4.5,35.0,157.5
458,18,12.5,20.0,250.0
458,37,32.0,4.0,128.0
459,28,46.0,24.0,1104.0
459,46,17.45,20.0,349.0
459,51,55.0,8.0,440.0
460,45,15.0,28.0,420.0
460,48,24.0,21.0,504.0
460,52,19.5,40.0,780.0
461,9,21.35,4.0,85.4
461,27,19.0,5.0,95.0
462,3,34.0,10.0,340.0
462,36,53.0,28.0,1484.0
462,42,40.0,40.0,1600.0
463,67,9.2,5.0,46.0
463,76,9.5,5.0,47.5
464,29,9.65,42.0,405.3
464,47,32.8,120.0,3936.0
464,67,9.2,12.0,110.4
465,17,38.0,30.0,1140.0
465,47,32.8,3.0,98.4
466,24,31.23,30.0,936.9
466,26,31.0,18.0,558.0
466,56,9.5,110.0,1045.0
466,64,12.0,24.0,288.0
467,0,39.0,27.0,1053.0
467,6,19.0,30.0,570.0
467,12,13.25,12.0,159.0
467,17,38.0,18.0,684.0
467,76,9.5,50.0,475.0
468,14,21.5,30.0,645.0
468,26,31.0,21.0,651.0
469,36,53.0,7.0,371.0
469,62,10.0,5.0,50.0
469,63,28.5,10.0,285.0
470,22,36.0,25.0,900.0
470,62,10.0,32.0,320.0
470,70,7.45,15.0,111.75
471,27,19.0,40.0,760.0
471,46,17.45,20.0,349.0
471,50,38.0,36.0,1368.0
471,66,49.3,20.0,986.0
472,4,62.5,12.0,750.0
472,41,25.89,3.0,77.67
472,70,7.45,40.0,298.0
473,14,21.5,8.0,172.0
473,65,18.0,21.0,378.0
474,23,19.45,50.0,972.5
475,6,19.0,3.0,57.0
475,18,12.5,50.0,625.0
475,53,7.75,42.0,325.5
475,59,12.5,45.0,562.5
476,24,31.23,15.0,468.45
477,26,31.0,16.0,496.0
477,63,28.5,5.0,142.5
478,13,7.0,4.0,28.0
478,29,9.65,12.0,115.8
478,48,24.0,6.0,144.0
479,8,22.0,25.0,550.0
479,49,21.0,5.0,105.0
480,0,39.0,20.0,780.0
480,17,38.0,10.0,380.0
480,51,55.0,10.0,550.0
481,2,18.4,6.0,110.4
481,3,34.0,15.0,510.0
481,41,25.89,15.0,388.35
481,48,24.0,12.0,288.0
482,5,18.0,50.0,900.0
482,62,10.0,30.0,300.0
482,73,16.25,40.0,650.0
483,18,12.5,3.0,37.5
483,34,21.05,10.0,210.5
483,46,17.45,15.0,261.75
484,36,53.0,30.0,1590.0
484,62,10.0,40.0,400.0
485,31,18.0,20.0,360.0
486,13,7.0,25.0,175.0
486,55,45.6,20.0,912.0
486,69,23.25,16.0,372.0
487,19,25.0,30.0,750.0
487,31,18.0,20.0,360.0
487,41,25.89,15.0,388.35
488,44,13.0,2.0,26.0
488,63,28.5,20.0,570.0
489,34,21.05,40.0,842.0
489,53,7.75,20.0,155.0
490,29,9.65,12.0,115.8
490,30,6.0,4.0,24.0
491,46,17.45,3.0,52.35
492,13,7.0,18.0,126.0
492,27,19.0,6.0,114.0
493,17,38.0,14.0,532.0
493,55,45.6,5.0,228.0
493,56,9.5,40.0,380.0
493,65,18.0,35.0,630.0
494,6,19.0,15.0,285.0
495,1,10.0,20.0,200.0
495,3,34.0,50.0,1700.0
495,40,34.8,35.0,1218.0
496,64,12.0,28.0,336.0
497,2,18.4,50.0,920.0
498,4,62.5,24.0,1500.0
498,23,19.45,16.0,311.2
498,40,34.8,7.0,243.6
498,51,55.0,45.0,2475.0
499,22,36.0,40.0,1440.0
499,30,6.0,6.0,36.0
499,60,14.0,28.0,392.0
499,66,49.3,9.0,443.7
500,18,12.5,8.0,100.0
500,22,36.0,30.0,1080.0
500,29,9.65,35.0,337.75
500,74,43.9,9.0,395.1
501,2,18.4,40.0,736.0
501,17,38.0,28.0,1064.0
501,71,9.0,44.0,396.0
502,17,38.0,15.0,570.0
502,31,18.0,10.0,180.0
502,51,55.0,6.0,330.0
503,51,55.0,25.0,1375.0
503,56,9.5,40.0,380.0
503,69,23.25,5.0,116.25
504,24,31.23,12.0,374.76
504,41,25.89,30.0,776.7
504,54,15.0,15.0,225.0
504,73,16.25,20.0,325.0
505,5,18.0,8.0,144.0
505,22,36.0,3.0,108.0
506,33,10.0,5.0,50.0
506,56,9.5,4.0,38.0
507,2,18.4,3.0,55.2
508,17,38.0,30.0,1140.0
508,22,36.0,25.0,900.0
508,52,19.5,14.0,273.0
508,76,9.5,30.0,285.0
509,4,62.5,21.0,1312.5
509,22,36.0,20.0,720.0
509,27,19.0,20.0,380.0
509,59,12.5,6.0,75.0
510,51,55.0,7.0,385.0
510,57,14.0,30.0,420.0
510,66,49.3,30.0,1479.0
510,75,33.25,24.0,798.0
511,13,7.0,60.0,420.0
511,24,31.23,20.0,624.6
511,45,15.0,40.0,600.0
512,37,32.0,10.0,320.0
513,28,46.0,30.0,1380.0
513,43,14.0,12.0,168.0
513,58,43.9,40.0,1756.0
514,43,14.0,35.0,490.0
514,53,7.75,18.0,139.5
515,7,18.0,16.0,288.0
515,17,38.0,60.0,2280.0
515,36,53.0,28.0,1484.0
515,76,9.5,30.0,285.0
516,21,4.5,20.0,90.0
516,25,21.0,6.0,126.0
516,62,10.0,40.0,400.0
517,1,10.0,20.0,200.0
517,7,18.0,130.0,2340.0
518,34,21.05,80.0,1684.0
519,6,19.0,40.0,760.0
519,59,12.5,40.0,500.0
519,72,30.0,35.0,1050.0
520,60,14.0,2.0,28.0
521,3,34.0,15.0,510.0
521,14,21.5,12.0,258.0
521,18,12.5,50.0,625.0
521,25,21.0,4.0,84.0
522,13,7.0,15.0,105.0
522,29,9.65,30.0,289.5
522,63,28.5,20.0,570.0
522,66,49.3,15.0,739.5
523,49,21.0,15.0,315.0
524,14,21.5,16.0,344.0
525,51,55.0,25.0,1375.0
525,68,123.79,18.0,2228.22
526,0,39.0,33.0,1287.0
526,18,12.5,70.0,875.0
526,53,7.75,7.0,54.25
527,18,12.5,2.0,25.0
527,35,17.0,50.0,850.0
528,26,31.0,6.0,186.0
528,32,14.0,3.0,42.0
529,18,12.5,16.0,200.0
529,36,53.0,120.0,6360.0
529,56,9.5,27.0,256.5
529,60,14.0,12.0,168.0
530,60,14.0,20.0,280.0
531,29,9.65,10.0,96.5
532,46,17.45,20.0,349.0
532,66,49.3,20.0,986.0
533,44,13.0,15.0,195.0
533,45,15.0,35.0,525.0
534,17,38.0,20.0,760.0
534,33,10.0,35.0,350.0
534,70,7.45,3.0,22.35
535,18,12.5,1.0,12.5
536,11,263.5,5.0,1317.5
536,18,12.5,10.0,125.0
537,7,18.0,2.0,36.0
537,27,19.0,30.0,570.0
537,40,34.8,30.0,1044.0
538,26,31.0,10.0,310.0
538,53,7.75,10.0,77.5
539,41,25.89,15.0,388.35
539,42,40.0,30.0,1200.0
539,53,7.75,42.0,325.5
540,6,19.0,15.0,285.0
540,68,123.79,20.0,2475.8
541,53,7.75,40.0,310.0
541,67,9.2,50.0,460.0
542,4,62.5,30.0,1875.0
542,59,12.5,18.0,225.0
542,65,18.0,15.0,270.0
542,74,43.9,30.0,1317.0
543,17,38.0,20.0,760.0
543,72,30.0,3.0,90.0
544,29,9.65,20.0,193.0
544,68,123.79,14.0,1733.06
545,6,19.0,10.0,190.0
545,59,12.5,15.0,187.5
545,70,7.45,3.0,22.35
546,13,7.0,8.0,56.0
546,29,9.65,14.0,135.1
547,69,23.25,15.0,348.75
547,70,7.45,6.0,44.7
548,0,39.0,35.0,1365.0
548,46,17.45,65.0,1134.25
549,22,36.0,24.0,864.0
549,23,19.45,10.0,194.5
549,24,31.23,21.0,655.83
549,75,33.25,35.0,1163.75
550,49,21.0,20.0,420.0
551,40,34.8,10.0,348.0
551,66,49.3,2.0,98.6
552,21,4.5,20.0,90.0
552,30,6.0,20.0,120.0
552,51,55.0,25.0,1375.0
553,36,53.0,10.0,530.0
553,49,21.0,50.0,1050.0
553,70,7.45,7.0,52.15
554,0,39.0,40.0,1560.0
554,68,123.79,20.0,2475.8
555,36,53.0,30.0,1590.0
555,41,25.89,25.0,647.25
555,48,24.0,60.0,1440.0
555,66,49.3,5.0,246.5
556,43,14.0,15.0,210.0
556,51,55.0,15.0,825.0
556,67,9.2,24.0,220.8
557,26,31.0,36.0,1116.0
557,38,20.0,4.0,80.0
557,55,45.6,24.0,1094.4
558,11,263.5,10.0,2635.0
558,57,14.0,10.0,140.0
559,6,19.0,20.0,380.0
559,33,10.0,15.0,150.0
559,34,21.05,2.0,42.1
560,2,18.4,1.0,18.4
561,17,38.0,20.0,760.0
561,31,18.0,50.0,900.0
562,13,7.0,20.0,140.0
563,30,6.0,7.0,42.0
563,43,14.0,5.0,70.0
563,45,15.0,5.0,75.0
564,2,18.4,30.0,552.0
564,67,9.2,15.0,138.0
564,71,9.0,18.0,162.0
565,18,12.5,16.0,200.0
565,40,34.8,40.0,1392.0
565,44,13.0,20.0,260.0
566,6,19.0,12.0,228.0
566,64,12.0,35.0,420.0
567,10,12.75,8.0,102.0
567,28,46.0,20.0,920.0
567,29,9.65,20.0,193.0
567,63,28.5,30.0,855.0
568,15,2.5,16.0,40.0
569,11,263.5,30.0,7905.0
569,66,49.3,20.0,986.0
570,2,18.4,60.0,1104.0
570,11,263.5,30.0,7905.0
570,24,31.23,40.0,1249.2
570,66,49.3,25.0,1232.5
571,29,9.65,20.0,193.0
571,37,32.0,20.0,640.0
572,28,46.0,7.0,322.0
572,53,7.75,20.0,155.0
573,17,38.0,30.0,1140.0
574,36,53.0,6.0,318.0
574,65,18.0,20.0,360.0
575,45,15.0,6.0,90.0
575,66,49.3,3.0,147.9
576,44,13.0,15.0,195.0
576,49,21.0,20.0,420.0
576,51,55.0,40.0,2200.0
576,52,19.5,15.0,292.5
577,29,9.65,12.0,115.8
577,45,15.0,9.0,135.0
578,24,31.23,12.0,374.76
578,47,32.8,20.0,656.0
579,18,12.5,35.0,437.5
579,52,19.5,15.0,292.5
580,7,18.0,21.0,378.0
580,26,31.0,15.0,465.0
581,11,263.5,2.0,527.0
581,61,81.0,5.0,405.0
582,3,34.0,21.0,714.0
582,6,19.0,10.0,190.0
582,30,6.0,10.0,60.0
582,42,40.0,20.0,800.0
583,3,34.0,30.0,1020.0
583,7,18.0,28.0,504.0
583,19,25.0,6.0,150.0
583,59,12.5,24.0,300.0
584,11,263.5,8.0,2108.0
584,28,46.0,9.0,414.0
584,65,18.0,8.0,144.0
584,67,9.2,2.0,18.4
585,23,19.45,16.0,311.2
585,30,6.0,3.0,18.0
585,43,14.0,10.0,140.0
585,75,33.25,3.0,99.75
586,18,12.5,9.0,112.5
586,47,32.8,9.0,295.2
586,72,30.0,20.0,600.0
587,41,25.89,20.0,517.8
587,68,123.79,8.0,990.32
588,44,13.0,2.0,26.0
588,51,55.0,15.0,825.0
589,3,34.0,60.0,2040.0
589,25,21.0,52.0,1092.0
589,52,19.5,24.0,468.0
589,65,18.0,6.0,108.0
589,75,33.25,30.0,997.5
590,2,18.4,25.0,460.0
590,30,6.0,6.0,36.0
590,31,18.0,21.0,378.0
590,76,9.5,40.0,380.0
591,4,62.5,25.0,1562.5
591,5,18.0,4.0,72.0
591,27,19.0,50.0,950.0
592,12,13.25,30.0,397.5
592,40,34.8,15.0,522.0
593,7,18.0,10.0,180.0
593,43,14.0,6.0,84.0
594,17,38.0,30.0,1140.0
594,26,31.0,16.0,496.0
594,44,13.0,15.0,195.0
594,51,55.0,50.0,2750.0
595,28,46.0,5.0,230.0
595,45,15.0,12.0,180.0
595,49,21.0,15.0,315.0
595,59,12.5,20.0,250.0
596,36,53.0,4.0,212.0
597,25,21.0,35.0,735.0
598,12,13.25,60.0,795.0
598,60,14.0,42.0,588.0
598,65,18.0,25.0,450.0
598,71,9.0,70.0,630.0
598,75,33.25,48.0,1596.0
599,8,22.0,21.0,462.0
599,33,10.0,20.0,200.0
599,45,15.0,30.0,450.0
600,3,34.0,45.0,1530.0
600,5,18.0,80.0,1440.0
600,14,21.5,55.0,1182.5
600,20,26.0,60.0,1560.0
600,56,9.5,36.0,342.0
600,67,9.2,12.0,110.4
601,9,21.35,30.0,640.5
601,39,97.0,3.0,291.0
602,1,10.0,49.0,490.0
602,24,31.23,18.0,562.14
603,15,2.5,4.0,10.0
603,43,14.0,20.0,280.0
603,45,15.0,30.0,450.0
604,6,19.0,5.0,95.0
604,43,14.0,10.0,140.0
604,51,55.0,42.0,2310.0
604,52,19.5,10.0,195.0
605,0,39.0,6.0,234.0
605,6,19.0,15.0,285.0
605,66,49.3,50.0,2465.0
606,4,62.5,10.0,625.0
607,26,31.0,100.0,3100.0
607,30,6.0,65.0,390.0
608,17,38.0,24.0,912.0
608,18,12.5,14.0,175.0
608,34,21.05,15.0,315.75
608,46,17.45,50.0,872.5
609,6,19.0,20.0,380.0
609,60,14.0,20.0,280.0
610,1,10.0,30.0,300.0
610,24,31.23,35.0,1093.05
610,68,123.79,10.0,1237.9
611,45,15.0,4.0,60.0
611,58,43.9,10.0,439.0
611,72,30.0,5.0,150.0
612,21,4.5,40.0,180.0
612,70,7.45,35.0,260.75
612,75,33.25,30.0,997.5
613,31,18.0,20.0,360.0
613,36,53.0,3.0,159.0
614,0,39.0,42.0,1638.0
614,4,62.5,20.0,1250.0
614,15,2.5,35.0,87.5
614,62,10.0,40.0,400.0
614,66,49.3,3.0,147.9
615,13,7.0,8.0,56.0
615,49,21.0,25.0,525.0
616,5,18.0,20.0,360.0
616,12,13.25,12.0,159.0
617,32,14.0,15.0,210.0
617,65,18.0,4.0,72.0
618,7,18.0,80.0,1440.0
618,11,263.5,60.0,15810.0
619,6,19.0,21.0,399.0
619,21,4.5,6.0,27.0
619,41,25.89,40.0,1035.6
620,47,32.8,3.0,98.4
621,24,31.23,20.0,624.6
621,38,20.0,42.0,840.0
621,65,18.0,30.0,540.0
622,5,18.0,40.0,720.0
622,49,21.0,10.0,210.0
622,59,12.5,20.0,250.0
622,71,9.0,50.0,450.0
623,36,53.0,2.0,106.0
623,65,18.0,3.0,54.0
624,0,39.0,16.0,624.0
624,19,25.0,50.0,1250.0
624,46,17.45,12.0,209.4
625,34,21.05,21.0,442.05
625,48,24.0,10.0,240.0
625,66,49.3,20.0,986.0
625,75,33.25,15.0,498.75
626,55,45.6,3.0,136.8
626,62,10.0,20.0,200.0
627,26,31.0,10.0,310.0
628,38,20.0,15.0,300.0
628,67,9.2,25.0,230.0
628,76,9.5,21.0,199.5
629,64,12.0,21.0,252.0
629,75,33.25,20.0,665.0
630,4,62.5,25.0,1562.5
630,46,17.45,30.0,523.5
631,61,81.0,20.0,1620.0
632,2,18.4,12.0,220.8
632,31,18.0,10.0,180.0
632,34,21.05,10.0,210.5
633,45,15.0,50.0,750.0
633,63,28.5,30.0,855.0
633,71,9.0,30.0,270.0
634,54,15.0,10.0,150.0
635,38,20.0,20.0,400.0
635,60,14.0,25.0,350.0
635,70,7.45,32.0,238.4
636,21,4.5,8.0,36.0
637,17,38.0,21.0,798.0
637,34,21.05,12.0,252.6
637,62,10.0,40.0,400.0
638,6,19.0,20.0,380.0
638,21,4.5,12.0,54.0
638,44,13.0,25.0,325.0
638,45,15.0,30.0,450.0
639,18,12.5,35.0,437.5
639,26,31.0,70.0,2170.0
639,44,13.0,40.0,520.0
640,43,14.0,5.0,70.0
641,6,19.0,20.0,380.0
641,59,12.5,18.0,225.0
642,11,263.5,40.0,10540.0
642,49,21.0,40.0,840.0
643,0,39.0,15.0,585.0
643,29,9.65,14.0,135.1
643,57,14.0,10.0,140.0
644,41,25.89,15.0,388.35
645,51,55.0,40.0,2200.0
646,21,4.5,10.0,45.0
646,27,19.0,20.0,380.0
646,41,25.89,35.0,906.15
646,42,40.0,30.0,1200.0
646,68,123.79,24.0,2970.96
647,22,36.0,50.0,1800.0
647,30,6.0,28.0,168.0
647,53,7.75,120.0,930.0
648,2,18.4,91.0,1674.4
648,3,34.0,100.0,3400.0
648,7,18.0,45.0,810.0
648,21,4.5,110.0,495.0
649,17,38.0,16.0,608.0
649,56,9.5,15.0,142.5
650,41,25.89,36.0,932.04
650,68,123.79,80.0,9903.2
651,30,6.0,5.0,30.0
652,7,18.0,8.0,144.0
653,45,15.0,3.0,45.0
654,14,21.5,30.0,645.0
654,29,9.65,30.0,289.5
655,48,24.0,30.0,720.0
655,66,49.3,6.0,295.8
656,30,6.0,40.0,240.0
656,34,21.05,21.0,442.05
656,59,12.5,20.0,250.0
657,12,13.25,15.0,198.75
657,66,49.3,35.0,1725.5
658,5,18.0,20.0,360.0
659,63,28.5,15.0,427.5
660,53,7.75,14.0,108.5
661,13,7.0,14.0,98.0
661,72,30.0,20.0,600.0
662,29,9.65,5.0,48.25
662,46,17.45,15.0,261.75
662,72,30.0,12.0,360.0
663,38,20.0,10.0,200.0
663,63,28.5,5.0,142.5
663,67,9.2,12.0,110.4
664,0,39.0,12.0,468.0
664,5,18.0,10.0,180.0
664,32,14.0,15.0,210.0
665,49,21.0,40.0,840.0
665,68,123.79,60.0,7427.4
666,8,22.0,30.0,660.0
666,12,13.25,15.0,198.75
666,15,2.5,40.0,100.0
667,14,21.5,25.0,537.5
668,0,39.0,10.0,390.0
668,15,2.5,30.0,75.0
668,70,7.45,10.0,74.5
669,37,32.0,6.0,192.0
669,46,17.45,6.0,104.7
669,52,19.5,20.0,390.0
670,3,34.0,10.0,340.0
670,41,25.89,1.0,25.89
671,3,34.0,25.0,850.0
671,5,18.0,60.0,1080.0
672,2,18.4,20.0,368.0
672,43,14.0,24.0,336.0
672,46,17.45,24.0,418.8
673,73,16.25,24.0,390.0
674,65,18.0,10.0,180.0
674,74,43.9,40.0,1756.0
675,0,39.0,15.0,585.0
675,21,4.5,35.0,157.5
676,28,46.0,10.0,460.0
676,32,14.0,24.0,336.0
676,60,14.0,10.0,140.0
677,26,31.0,20.0,620.0
677,53,7.75,6.0,46.5
677,55,45.6,30.0,1368.0
678,13,7.0,12.0,84.0
678,27,19.0,25.0,475.0
679,30,6.0,10.0,60.0
679,40,34.8,10.0,348.0
679,49,21.0,2.0,42.0
679,67,9.2,7.0,64.4
680,13,7.0,5.0,35.0
680,31,18.0,20.0,360.0
680,61,81.0,5.0,405.0
681,31,18.0,5.0,90.0
681,76,9.5,5.0,47.5
682,44,13.0,15.0,195.0
682,53,7.75,49.0,379.75
682,62,10.0,60.0,600.0
683,12,13.25,30.0,397.5
683,48,24.0,25.0,600.0
683,58,43.9,25.0,1097.5
683,62,10.0,36.0,360.0
684,30,6.0,42.0,252.0
684,52,19.5,30.0,585.0
685,40,34.8,16.0,556.8
685,46,17.45,30.0,523.5
685,53,7.75,20.0,155.0
685,66,49.3,14.0,690.2
686,47,32.8,2.0,65.6
686,63,28.5,30.0,855.0
687,19,25.0,20.0,500.0
688,4,62.5,4.0,250.0
688,5,18.0,21.0,378.0
688,71,9.0,8.0,72.0
689,27,19.0,30.0,570.0
690,55,45.6,8.0,364.8
690,57,14.0,20.0,280.0
691,3,34.0,49.0,1666.0
691,14,21.5,35.0,752.5
691,28,46.0,24.0,1104.0
691,30,6.0,20.0,120.0
692,6,19.0,10.0,190.0
692,32,14.0,40.0,560.0
693,30,6.0,20.0,120.0
693,72,30.0,8.0,240.0
694,18,12.5,44.0,550.0
694,40,34.8,50.0,1740.0
694,59,12.5,80.0,1000.0
694,66,49.3,30.0,1479.0
695,38,20.0,28.0,560.0
696,25,21.0,21.0,441.0
696,30,6.0,15.0,90.0
696,64,12.0,15.0,180.0
697,17,38.0,18.0,684.0
697,23,19.45,18.0,350.1
697,49,21.0,5.0,105.0
698,18,12.5,10.0,125.0
698,30,6.0,20.0,120.0
699,21,4.5,25.0,112.5
699,26,31.0,25.0,775.0
699,44,13.0,40.0,520.0
700,51,55.0,4.0,220.0
701,36,53.0,40.0,2120.0
701,48,24.0,4.0,96.0
701,73,16.25,9.0,146.25
702,0,39.0,6.0,234.0
702,19,25.0,12.0,300.0
702,26,31.0,30.0,930.0
702,66,49.3,60.0,2958.0
703,8,22.0,5.0,110.0
704,15,2.5,15.0,37.5
704,29,9.65,6.0,57.9
704,53,7.75,50.0,387.5
705,19,25.0,16.0,400.0
705,55,45.6,2.0,91.2
706,18,12.5,50.0,625.0
706,61,81.0,50.0,4050.0
707,3,34.0,24.0,816.0
707,18,12.5,25.0,312.5
707,46,17.45,28.0,488.6
707,56,9.5,30.0,285.0
708,53,7.75,12.0,93.0
709,36,53.0,8.0,424.0
709,62,10.0,12.0,120.0
709,76,9.5,14.0,133.0
710,41,25.89,30.0,776.7
710,65,18.0,40.0,720.0
710,75,33.25,8.0,266.0
711,9,21.35,20.0,427.0
711,40,34.8,5.0,174.0
711,72,30.0,6.0,180.0
712,53,7.75,20.0,155.0
713,21,4.5,10.0,45.0
713,29,9.65,24.0,231.6
714,13,7.0,6.0,42.0
714,31,18.0,60.0,1080.0
715,22,36.0,9.0,324.0
715,30,6.0,77.0,462.0
715,31,18.0,44.0,792.0
715,47,32.8,20.0,656.0
715,72,30.0,45.0,1350.0
716,3,34.0,2.0,68.0
717,4,62.5,6.0,375.0
717,11,263.5,5.0,1317.5
717,22,36.0,10.0,360.0
718,36,53.0,16.0,848.0
719,17,38.0,12.0,456.0
719,20,26.0,8.0,208.0
719,66,49.3,12.0,591.6
720,38,20.0,40.0,800.0
720,67,9.2,12.0,110.4
721,21,4.5,30.0,135.0
721,50,38.0,30.0,1140.0
721,75,33.25,4.0,133.0
722,64,12.0,9.0,108.0
723,13,7.0,40.0,280.0
724,68,123.79,14.0,1733.06
725,0,39.0,6.0,234.0
725,15,2.5,7.0,17.5
726,24,31.23,5.0,156.15
726,29,9.65,6.0,57.9
726,53,7.75,10.0,77.5
727,74,43.9,10.0,439.0
728,42,40.0,16.0,640.0
728,53,7.75,10.0,77.5
729,55,45.6,20.0,912.0
730,7,18.0,30.0,540.0
730,36,53.0,10.0,530.0
730,74,43.9,20.0,878.0
730,76,9.5,30.0,285.0
731,2,18.4,10.0,184.0
731,23,19.45,6.0,116.7
731,42,40.0,20.0,800.0
731,62,10.0,40.0,400.0
732,18,12.5,24.0,300.0
732,21,4.5,80.0,360.0
732,50,38.0,20.0,760.0
732,58,43.9,30.0,1317.0
732,72,30.0,18.0,540.0
732,74,43.9,35.0,1536.5
733,53,7.75,40.0,310.0
734,11,263.5,60.0,15810.0
735,28,46.0,9.0,414.0
735,72,30.0,20.0,600.0
736,30,6.0,84.0,504.0
736,52,19.5,15.0,292.5
737,21,4.5,20.0,90.0
737,27,19.0,40.0,760.0
737,46,17.45,55.0,959.75
738,4,62.5,8.0,500.0
738,37,32.0,35.0,1120.0
738,46,17.45,36.0,628.2
739,31,18.0,10.0,180.0
739,44,13.0,15.0,195.0
739,49,21.0,30.0,630.0
739,61,81.0,15.0,1215.0
740,28,46.0,6.0,276.0
740,40,34.8,20.0,696.0
740,72,30.0,60.0,1800.0
741,66,49.3,40.0,1972.0
741,72,30.0,60.0,1800.0
742,19,25.0,40.0,1000.0
742,29,9.65,4.0,38.6
742,49,21.0,15.0,315.0
743,48,24.0,65.0,1560.0
743,57,14.0,60.0,840.0
743,62,10.0,65.0,650.0
743,63,28.5,66.0,1881.0
744,6,19.0,50.0,950.0
744,31,18.0,90.0,1620.0
744,45,15.0,20.0,300.0
745,40,34.8,2.0,69.6
746,29,9.65,35.0,337.75
746,68,123.79,50.0,6189.5
747,51,55.0,18.0,990.0
748,3,34.0,4.0,136.0
748,36,53.0,20.0,1060.0
749,60,14.0,40.0,560.0
750,13,7.0,20.0,140.0
750,37,32.0,50.0,1600.0
750,64,12.0,20.0,240.0
751,21,4.5,12.0,54.0
751,33,10.0,20.0,200.0
751,53,7.75,30.0,232.5
751,63,28.5,7.0,199.5
752,29,9.65,20.0,193.0
752,36,53.0,15.0,795.0
752,44,13.0,21.0,273.0
753,8,22.0,25.0,550.0
753,21,4.5,30.0,135.0
753,44,13.0,30.0,390.0
754,25,21.0,25.0,525.0
754,48,24.0,6.0,144.0
754,64,12.0,25.0,300.0
754,72,30.0,60.0,1800.0
755,30,6.0,56.0,336.0
755,48,24.0,40.0,960.0
755,60,14.0,24.0,336.0
755,65,18.0,15.0,270.0
756,2,18.4,10.0,184.0
756,5,18.0,4.0,72.0
756,13,7.0,10.0,70.0
757,24,31.23,6.0,187.38
757,31,18.0,6.0,108.0
758,5,18.0,2.0,36.0
758,51,55.0,10.0,550.0
759,5,18.0,8.0,144.0
759,68,123.79,2.0,247.58
760,42,40.0,30.0,1200.0
760,60,14.0,14.0,196.0
760,68,123.79,10.0,1237.9
761,14,21.5,21.0,451.5
761,55,45.6,70.0,3192.0
761,57,14.0,90.0,1260.0
762,3,34.0,9.0,306.0
762,21,4.5,12.0,54.0
762,27,19.0,18.0,342.0
763,21,4.5,10.0,45.0
763,72,30.0,20.0,600.0
764,12,13.25,40.0,530.0
764,14,21.5,20.0,430.0
765,3,34.0,36.0,1224.0
765,14,21.5,60.0,1290.0
765,67,9.2,50.0,460.0
766,56,9.5,20.0,190.0
766,59,12.5,2.0,25.0
766,60,14.0,4.0,56.0
766,71,9.0,10.0,90.0
767,29,9.65,28.0,270.2
768,41,25.89,15.0,388.35
768,44,13.0,18.0,234.0
769,18,12.5,15.0,187.5
769,27,19.0,16.0,304.0
770,1,10.0,25.0,250.0
770,45,15.0,30.0,450.0
770,51,55.0,110.0,6050.0
771,4,62.5,10.0,625.0
771,17,38.0,5.0,190.0
771,50,38.0,20.0,760.0
772,38,20.0,2.0,40.0
772,64,12.0,3.0,36.0
773,26,31.0,24.0,744.0
774,6,19.0,11.0,209.0
774,24,31.23,63.0,1967.49
774,36,53.0,44.0,2332.0
774,40,34.8,35.0,1218.0
774,61,81.0,15.0,1215.0
775,22,36.0,30.0,1080.0
775,67,9.2,35.0,322.0
776,28,46.0,30.0,1380.0
776,72,30.0,4.0,120.0
777,14,21.5,50.0,1075.0
777,15,2.5,30.0,75.0
777,24,31.23,12.0,374.76
777,34,21.05,21.0,442.05
778,5,18.0,10.0,180.0
778,30,6.0,20.0,120.0
779,4,62.5,8.0,500.0
779,36,53.0,10.0,530.0
780,21,4.5,30.0,135.0
780,66,49.3,21.0,1035.3
781,48,24.0,35.0,840.0
781,51,55.0,24.0,1320.0
782,17,38.0,20.0,760.0
782,74,43.9,12.0,526.8
783,6,19.0,100.0,1900.0
783,9,21.35,70.0,1494.5
783,51,55.0,100.0,5500.0
783,68,123.79,60.0,7427.4
784,5,18.0,45.0,810.0
784,14,21.5,16.0,344.0
784,21,4.5,21.0,94.5
784,30,6.0,80.0,480.0
784,75,33.25,20.0,665.0
785,11,263.5,25.0,6587.5
785,27,19.0,35.0,665.0
785,51,55.0,30.0,1650.0
786,22,36.0,36.0,1296.0
786,47,32.8,70.0,2296.0
787,23,19.45,12.0,233.4
787,62,10.0,15.0,150.0
787,63,28.5,6.0,171.0
788,5,18.0,10.0,180.0
788,60,14.0,30.0,420.0
788,65,18.0,60.0,1080.0
788,70,7.45,10.0,74.5
789,30,6.0,7.0,42.0
789,51,55.0,30.0,1650.0
790,45,15.0,4.0,60.0
791,2,18.4,5.0,92.0
791,13,7.0,2.0,14.0
791,14,21.5,30.0,645.0
792,38,20.0,60.0,1200.0
792,52,19.5,28.0,546.0
792,55,45.6,20.0,912.0
792,65,18.0,24.0,432.0
793,62,10.0,20.0,200.0
794,6,19.0,30.0,570.0
794,74,43.9,30.0,1317.0
795,23,19.45,15.0,291.75
795,63,28.5,4.0,114.0
796,49,21.0,10.0,210.0
797,66,49.3,12.0,591.6
798,15,2.5,15.0,37.5
798,36,53.0,24.0,1272.0
799,37,32.0,15.0,480.0
799,50,38.0,20.0,760.0
799,65,18.0,18.0,324.0
800,5,18.0,25.0,450.0
800,9,21.35,30.0,640.5
801,59,12.5,42.0,525.0
802,6,19.0,10.0,190.0
802,50,38.0,4.0,152.0
803,31,18.0,50.0,900.0
804,21,4.5,10.0,45.0
805,28,46.0,30.0,1380.0
805,63,28.5,10.0,285.0
806,4,62.5,35.0,2187.5
806,37,32.0,20.0,640.0
806,75,33.25,25.0,831.25
807,15,2.5,10.0,25.0
807,32,14.0,20.0,280.0
808,21,4.5,15.0,67.5
808,36,53.0,20.0,1060.0
808,43,14.0,15.0,210.0
808,52,19.5,20.0,390.0
809,3,34.0,50.0,1700.0
809,48,24.0,35.0,840.0
809,72,30.0,40.0,1200.0
810,45,15.0,3.0,45.0
811,3,34.0,21.0,714.0
811,62,10.0,3.0,30.0
811,63,28.5,4.0,114.0
812,0,39.0,12.0,468.0
812,3,34.0,35.0,1190.0
812,30,6.0,30.0,180.0
813,3,34.0,4.0,136.0
813,44,13.0,10.0,130.0
814,3,34.0,15.0,510.0
815,45,15.0,12.0,180.0
815,47,32.8,10.0,328.0
816,2,18.4,40.0,736.0
816,29,9.65,30.0,289.5
816,57,14.0,30.0,420.0
817,0,39.0,77.0,3003.0
817,29,9.65,12.0,115.8
817,47,32.8,25.0,820.0
817,48,24.0,4.0,96.0
817,59,12.5,55.0,687.5
818,41,25.89,4.0,103.56
818,70,7.45,20.0,149.0
819,46,17.45,3.0,52.35
819,57,14.0,35.0,490.0
819,67,9.2,42.0,386.4
820,29,9.65,9.0,86.85
821,28,46.0,36.0,1656.0
821,44,13.0,28.0,364.0
821,55,45.6,8.0,364.8
822,7,18.0,20.0,360.0
823,5,18.0,40.0,720.0
823,6,19.0,20.0,380.0
823,18,12.5,20.0,250.0
823,46,17.45,30.0,523.5
824,30,6.0,10.0,60.0
824,72,30.0,15.0,450.0
825,6,19.0,8.0,152.0
825,29,9.65,40.0,386.0
825,73,16.25,22.0,357.5
825,75,33.25,130.0,4322.5
826,21,4.5,20.0,90.0
826,49,21.0,10.0,210.0
827,46,17.45,14.0,244.3
828,6,19.0,10.0,190.0
828,31,18.0,2.0,36.0
828,64,12.0,30.0,360.0
829,19,25.0,20.0,500.0
829,67,9.2,10.0,92.0
829,69,23.25,20.0,465.0
830,1,10.0,4.0,40.0
830,3,34.0,2.0,68.0
830,6,19.0,24.0,456.0
830,7,18.0,2.0,36.0
830,8,22.0,1.0,22.0
830,13,7.0,2.0,14.0
830,19,25.0,1.0,25.0
830,26,31.0,1.0,31.0
830,29,9.65,3.0,28.95
830,30,6.0,4.0,24.0
830,35,17.0,1.0,17.0
830,37,32.0,1.0,32.0
830,42,40.0,2.0,80.0
830,44,13.0,2.0,26.0
830,46,17.45,2.0,34.9
830,48,24.0,2.0,48.0
830,50,38.0,2.0,76.0
830,53,7.75,4.0,31.0
830,54,15.0,2.0,30.0
830,61,81.0,1.0,81.0
830,64,12.0,3.0,36.0
830,69,23.25,1.0,23.25
830,71,9.0,2.0,18.0
830,72,30.0,1.0,30.0
830,75,33.25,2.0,66.5