OrderID,OrderDate,Order_ShippedDate,Order_Freight,Order_ShipCity,Order_ShipCountry
1,2016-07-04,2016-07-16,32.38,Reims,France
2,2016-07-05,2016-07-10,11.61,Münster,Germany
3,2016-07-08,2016-07-12,65.83,Rio de Janeiro,Brazil
4,2016-07-08,2016-07-15,41.34,Lyon,France
5,2016-07-09,2016-07-11,51.3,Charleroi,Belgium
6,2016-07-10,2016-07-16,58.17,Rio de Janeiro,Brazil
7,2016-07-11,2016-07-23,22.98,Bern,Switzerland
8,2016-07-12,2016-07-15,148.33,Genève,Switzerland
9,2016-07-15,2016-07-17,13.97,Resende,Brazil
10,2016-07-16,2016-07-22,81.91,San Cristóbal,Venezuela
11,2016-07-17,2016-07-23,140.51,Graz,Austria
12,2016-07-18,2016-07-25,3.25,México D.F.,Mexico
13,2016-07-19,2016-07-29,55.09,Köln,Germany
14,2016-07-19,2016-07-30,3.05,Rio de Janeiro,Brazil
15,2016-07-22,2016-07-25,48.29,Albuquerque,USA
16,2016-07-23,2016-07-31,146.06,Graz,Austria
17,2016-07-24,2016-08-23,3.67,Bräcke,Sweden
18,2016-07-25,2016-08-12,55.28,Strasbourg,France
19,2016-07-26,2016-07-31,25.73,Oulu,Finland
20,2016-07-29,2016-08-06,208.58,München,Germany
21,2016-07-30,2016-08-02,66.29,Caracas,Venezuela
22,2016-07-31,2016-08-09,4.56,Seattle,USA
23,2016-08-01,2016-08-02,136.54,Oulu,Finland
24,2016-08-01,2016-08-30,4.54,Lander,USA
25,2016-08-02,2016-08-06,98.03,Albuquerque,USA
26,2016-08-05,2016-08-12,76.07,Cunewalde,Germany
27,2016-08-06,2016-08-16,6.01,Reims,France
28,2016-08-07,2016-08-09,26.93,Bergamo,Italy
29,2016-08-08,2016-08-14,13.84,México D.F.,Mexico
30,2016-08-09,2016-08-13,125.77,Leipzig,Germany
31,2016-08-12,2016-08-16,92.69,Luleå,Sweden
32,2016-08-13,2016-08-16,25.83,Frankfurt a.M.,Germany
33,2016-08-14,2016-09-12,8.98,Luleå,Sweden
34,2016-08-14,2016-08-21,2.94,Madrid,Spain
35,2016-08-15,2016-08-21,12.69,Madrid,Spain
36,2016-08-16,2016-08-23,84.81,Barquisimeto,Venezuela
37,2016-08-19,2016-08-27,76.56,Frankfurt a.M.,Germany
38,2016-08-20,2016-08-26,76.83,Cunewalde,Germany
39,2016-08-21,2016-08-30,229.24,Cunewalde,Germany
40,2016-08-22,2016-08-28,12.76,Rio de Janeiro,Brazil
41,2016-08-23,2016-09-03,7.45,Reggio Emilia,Italy
42,2016-08-26,2016-08-28,22.77,London,UK
43,2016-08-27,2016-09-03,79.7,São Paulo,Brazil
44,2016-08-27,2016-09-04,6.4,Rio de Janeiro,Brazil
45,2016-08-28,2016-09-02,1.35,São Paulo,Brazil
46,2016-08-29,2016-09-11,21.18,México D.F.,Mexico
47,2016-08-30,2016-09-05,147.26,Albuquerque,USA
48,2016-09-02,2016-09-10,1.15,Reims,France
49,2016-09-03,2016-09-11,0.12,Barquisimeto,Venezuela
50,2016-09-04,2016-09-10,5.74,Strasbourg,France
51,2016-09-05,2016-09-11,168.22,Cork,Ireland
52,2016-09-06,2016-09-13,29.76,Rio de Janeiro,Brazil
53,2016-09-09,2016-09-18,17.68,Bergamo,Italy
54,2016-09-09,2016-09-17,45.08,Stuttgart,Germany
55,2016-09-10,2016-10-09,6.27,Charleroi,Belgium
56,2016-09-11,2016-09-18,107.83,Sevilla,Spain
57,2016-09-12,2016-09-17,63.79,México D.F.,Mexico
58,2016-09-13,2016-10-09,257.62,Anchorage,USA
59,2016-09-16,2016-09-23,7.56,Madrid,Spain
60,2016-09-17,2016-09-25,0.56,Portland,USA
61,2016-09-18,2016-09-24,1.61,México D.F.,Mexico
62,2016-09-19,2016-10-23,47.3,Cork,Ireland
63,2016-09-20,2016-09-27,17.52,Portland,USA
64,2016-09-20,2016-09-26,24.69,Nantes,France
65,2016-09-23,2016-10-03,40.26,Stuttgart,Germany
66,2016-09-24,2016-10-04,1.96,Cunewalde,Germany
67,2016-09-25,2016-10-04,74.16,Albuquerque,USA
68,2016-09-26,2016-10-03,41.76,Cowes,UK
69,2016-09-27,2016-10-08,150.15,Albuquerque,USA
70,2016-09-30,2016-10-10,12.69,Portland,USA
71,2016-10-01,2016-10-04,4.73,Cowes,UK
72,2016-10-02,2016-10-11,64.5,México D.F.,Mexico
73,2016-10-03,2016-10-18,34.57,Oulu,Finland
74,2016-10-03,2016-10-11,3.43,Cowes,UK
75,2016-10-04,2016-10-23,0.4,México D.F.,Mexico
76,2016-10-07,2016-10-14,4.88,Brandenburg,Germany
77,2016-10-08,2016-10-10,214.27,Boise,USA
78,2016-10-09,2016-10-14,64.86,Brandenburg,Germany
79,2016-10-10,2016-10-14,77.92,Madrid,Spain
80,2016-10-11,2016-10-14,63.36,Bräcke,Sweden
81,2016-10-14,2016-10-17,87.03,Lisboa,Portugal
82,2016-10-15,2016-10-23,191.67,Lander,USA
83,2016-10-16,2016-10-28,12.75,Barquisimeto,Venezuela
84,2016-10-16,2016-10-21,10.19,Marseille,France
85,2016-10-17,2016-10-21,52.84,Montréal,Canada
86,2016-10-18,2016-10-25,0.59,Oulu,Finland
87,2016-10-21,2016-10-28,8.56,Lyon,France
88,2016-10-22,2016-10-24,42.11,Cork,Ireland
89,2016-10-23,2016-10-25,15.51,Lisboa,Portugal
90,2016-10-24,2016-10-29,108.26,München,Germany
91,2016-10-25,2016-10-29,84.21,Anchorage,USA
92,2016-10-28,2016-11-04,15.66,Montréal,Canada
93,2016-10-29,2016-11-08,166.31,Marseille,France
94,2016-10-29,2016-11-05,26.78,København,Denmark
95,2016-10-30,2016-11-04,54.83,München,Germany
96,2016-10-31,2016-11-06,110.37,Frankfurt a.M.,Germany
97,2016-11-01,2016-11-05,23.29,Seattle,USA
98,2016-11-04,2016-11-11,249.06,Cunewalde,Germany
99,2016-11-05,2016-11-08,142.08,Albuquerque,USA
100,2016-11-06,2016-11-08,3.1,São Paulo,Brazil
101,2016-11-07,2016-11-15,0.78,Stuttgart,Germany
102,2016-11-08,2016-11-15,8.63,Lander,USA
103,2016-11-11,2016-12-03,64.19,Toulouse,France
104,2016-11-11,2016-11-20,162.33,Graz,Austria
105,2016-11-12,2016-11-18,1.3,Lisboa,Portugal
106,2016-11-13,2016-11-25,360.63,Salzburg,Austria
107,2016-11-14,2016-11-20,53.8,México D.F.,Mexico
108,2016-11-15,2016-11-20,41.95,Colchester,UK
109,2016-11-18,2016-11-27,36.71,Stuttgart,Germany
110,2016-11-19,2016-12-02,34.88,Barquisimeto,Venezuela
111,2016-11-20,2016-11-27,19.64,Toulouse,France
112,2016-11-21,2016-11-26,288.43,London,UK
113,2016-11-22,2016-12-02,131.7,Strasbourg,France
114,2016-11-22,2016-12-03,183.17,Cunewalde,Germany
115,2016-11-25,2016-11-28,96.04,Marseille,France
116,2016-11-26,2016-12-04,30.54,Aachen,Germany
117,2016-11-26,2016-12-04,71.97,London,UK
118,2016-11-27,2016-12-02,22,México D.F.,Mexico
119,2016-11-28,2016-12-30,10.14,Barcelona,Spain
120,2016-11-28,2016-12-02,13.55,Århus,Denmark
121,2016-11-29,2016-12-02,101.95,Graz,Austria
122,2016-12-02,2016-12-09,195.68,Lander,USA
123,2016-12-03,2016-12-27,1.17,Bern,Switzerland
124,2016-12-03,2016-12-24,0.45,Toulouse,France
125,2016-12-04,2016-12-09,890.78,São Paulo,Brazil
126,2016-12-05,2016-12-11,124.12,Cork,Ireland
127,2016-12-05,2016-12-09,3.94,Warszawa,Poland
128,2016-12-06,2016-12-09,20.12,Elgin,USA
129,2016-12-09,2016-12-13,20.39,Montréal,Canada
130,2016-12-09,2016-12-13,22.21,London,UK
131,2016-12-10,2016-12-19,5.44,Bräcke,Sweden
132,2016-12-11,2016-12-13,45.03,Rio de Janeiro,Brazil
133,2016-12-12,2017-01-16,35.03,Cork,Ireland
134,2016-12-12,2016-12-13,7.99,Barquisimeto,Venezuela
135,2016-12-13,2016-12-16,94.77,Graz,Austria
136,2016-12-16,2016-12-18,34.24,Colchester,UK
137,2016-12-16,2016-12-20,168.64,Luleå,Sweden
138,2016-12-17,2016-12-23,30.96,Lander,USA
139,2016-12-18,2016-12-25,13.99,São Paulo,Brazil
140,2016-12-18,2016-12-20,93.63,Stavern,Norway
141,2016-12-19,2016-12-20,34.86,London,UK
142,2016-12-20,2016-12-24,47.42,Tsawassen,Canada
143,2016-12-23,2016-12-26,126.38,Graz,Austria
144,2016-12-23,2016-12-31,5.45,Aachen,Germany
145,2016-12-24,2017-01-01,122.46,Salzburg,Austria
146,2016-12-25,2017-01-03,126.56,Boise,USA
147,2016-12-25,2017-01-03,30.34,Elgin,USA
148,2016-12-26,2017-01-03,184.41,San Cristóbal,Venezuela
149,2016-12-27,2017-01-06,135.35,München,Germany
150,2016-12-27,2017-01-02,60.26,Lisboa,Portugal
151,2016-12-30,2017-01-09,89.16,Boise,USA
152,2016-12-31,2017-01-08,27.36,Århus,Denmark
153,2017-01-01,2017-01-16,83.93,London,UK
154,2017-01-01,2017-01-10,12.51,Albuquerque,USA
155,2017-01-02,2017-01-10,67.88,Graz,Austria
156,2017-01-03,2017-01-09,73.79,Graz,Austria
157,2017-01-03,2017-01-08,155.97,Bergamo,Italy
158,2017-01-06,2017-01-22,34.82,I. de Margarita,Venezuela
159,2017-01-07,2017-01-13,108.04,São Paulo,Brazil
160,2017-01-07,2017-01-30,91.48,Köln,Germany
161,2017-01-08,2017-01-14,11.26,Lille,France
162,2017-01-09,2017-01-14,29.83,Buenos Aires,Argentina
163,2017-01-10,2017-01-15,2.4,Tsawassen,Canada
164,2017-01-10,2017-01-21,23.65,Tsawassen,Canada
165,2017-01-13,2017-01-15,3.77,Oulu,Finland
166,2017-01-14,2017-01-16,95.66,Toulouse,France
167,2017-01-14,2017-01-17,21.48,São Paulo,Brazil
168,2017-01-15,2017-01-24,0.2,Elgin,USA
169,2017-01-16,2017-01-27,22.72,Oulu,Finland
170,2017-01-16,2017-01-28,70.29,København,Denmark
171,2017-01-17,2017-01-24,17.55,Cunewalde,Germany
172,2017-01-20,2017-01-30,137.35,Genève,Switzerland
173,2017-01-21,2017-01-27,44.12,Resende,Brazil
174,2017-01-21,2017-01-27,99.23,Rio de Janeiro,Brazil
175,2017-01-22,2017-01-31,3.02,Torino,Italy
176,2017-01-23,2017-02-24,24.5,Campinas,Brazil
177,2017-01-23,2017-01-27,370.61,Montréal,Canada
178,2017-01-24,2017-02-14,7.93,Toulouse,France
179,2017-01-27,2017-02-06,18.69,Barcelona,Spain
180,2017-01-27,2017-03-03,31.29,Salzburg,Austria
181,2017-01-28,2017-02-04,11.09,Reggio Emilia,Italy
182,2017-01-29,2017-02-07,56.63,Cork,Ireland
183,2017-01-30,2017-02-03,458.78,Graz,Austria
184,2017-01-30,2017-02-07,44.17,Tsawassen,Canada
185,2017-01-31,2017-02-07,4.34,Lander,USA
186,2017-02-03,2017-03-04,73.83,Lisboa,Portugal
187,2017-02-03,2017-02-13,17.92,Bräcke,Sweden
188,2017-02-04,2017-02-07,9.21,London,UK
189,2017-02-05,2017-02-11,156.66,Strasbourg,France
190,2017-02-05,2017-02-12,19.97,Oulu,Finland
191,2017-02-06,2017-02-14,8.24,Münster,Germany
192,2017-02-07,2017-02-10,4.07,Montréal,Canada
193,2017-02-10,2017-02-28,86.53,Boise,USA
194,2017-02-10,2017-03-14,73.02,Anchorage,USA
195,2017-02-11,2017-02-18,47.94,Graz,Austria
196,2017-02-12,2017-02-14,13.95,Reggio Emilia,Italy
197,2017-02-12,2017-02-21,3.5,Luleå,Sweden
198,2017-02-13,2017-02-20,9.3,Luleå,Sweden
199,2017-02-14,2017-02-19,14.68,Münster,Germany
200,2017-02-14,2017-03-07,68.66,Rio de Janeiro,Brazil
201,2017-02-17,2017-02-24,38.82,Buenos Aires,Argentina
202,2017-02-18,2017-02-27,53.3,Strasbourg,France
203,2017-02-19,2017-03-11,7.23,Lyon,France
204,2017-02-19,2017-03-12,189.09,Cunewalde,Germany
205,2017-02-20,2017-02-26,140.26,Boise,USA
206,2017-02-21,2017-02-26,25.36,Colchester,UK
207,2017-02-21,2017-02-25,2.74,Toulouse,France
208,2017-02-24,2017-03-03,180.45,Oulu,Finland
209,2017-02-25,2017-02-28,8.12,Brandenburg,Germany
210,2017-02-25,2017-03-03,11.57,Brandenburg,Germany
211,2017-02-26,2017-03-04,147.06,Charleroi,Belgium
212,2017-02-27,2017-02-28,25.09,Lyon,France
213,2017-02-28,2017-03-03,16.27,Bräcke,Sweden
214,2017-02-28,2017-03-05,148.61,Barquisimeto,Venezuela
215,2017-03-03,2017-03-18,6.17,London,UK
216,2017-03-04,2017-03-06,14.78,Charleroi,Belgium
217,2017-03-04,2017-03-14,89,Lisboa,Portugal
218,2017-03-05,2017-03-14,145.04,Århus,Denmark
219,2017-03-06,2017-03-13,11.93,São Paulo,Brazil
220,2017-03-06,2017-03-11,4.93,Bergamo,Italy
221,2017-03-07,2017-03-12,44.12,Brandenburg,Germany
222,2017-03-10,2017-03-14,60.18,Seattle,USA
223,2017-03-11,2017-03-14,64.56,Marseille,France
224,2017-03-11,2017-03-18,45.59,London,UK
225,2017-03-12,2017-03-19,4.2,London,UK
226,2017-03-13,2017-03-21,16.37,Cowes,UK
227,2017-03-13,2017-03-21,83.49,México D.F.,Mexico
228,2017-03-14,2017-04-04,68.52,Charleroi,Belgium
229,2017-03-17,2017-03-24,4.41,San Cristóbal,Venezuela
230,2017-03-17,2017-03-25,13.02,Lisboa,Portugal
231,2017-03-18,2017-03-26,4.81,Lyon,France
232,2017-03-19,2017-03-21,708.95,Albuquerque,USA
233,2017-03-20,2017-03-24,1.35,Lille,France
234,2017-03-20,2017-03-25,64.33,Rio de Janeiro,Brazil
235,2017-03-21,2017-04-10,7.48,Walla Walla,USA
236,2017-03-24,2017-04-25,15.28,Seattle,USA
237,2017-03-24,2017-04-01,6.88,London,UK
238,2017-03-25,2017-03-31,64.45,I. de Margarita,Venezuela
239,2017-03-26,2017-04-02,30.53,San Cristóbal,Venezuela
240,2017-03-26,2017-03-28,71.07,São Paulo,Brazil
241,2017-03-27,2017-04-02,4.93,München,Germany
242,2017-03-28,2017-04-09,5.29,Salzburg,Austria
243,2017-03-31,2017-04-03,210.19,San Cristóbal,Venezuela
244,2017-03-31,2017-04-08,16.96,Lisboa,Portugal
245,2017-04-01,2017-04-11,62.89,Tsawassen,Canada
246,2017-04-02,2017-04-10,10.64,Toulouse,France
247,2017-04-02,2017-04-09,65.99,São Paulo,Brazil
248,2017-04-03,2017-04-11,4.65,Vancouver,Canada
249,2017-04-04,2017-04-07,46.77,São Paulo,Brazil
250,2017-04-04,2017-04-07,36.21,Frankfurt a.M.,Germany
251,2017-04-07,2017-04-11,29.75,San Cristóbal,Venezuela
252,2017-04-08,2017-04-16,102.02,Barquisimeto,Venezuela
253,2017-04-09,2017-04-17,42.68,Toulouse,France
254,2017-04-09,2017-04-16,8.85,Mannheim,Germany
255,2017-04-10,2017-04-29,69.32,México D.F.,Mexico
256,2017-04-11,2017-04-16,16.74,Cork,Ireland
257,2017-04-11,2017-04-18,59.13,Seattle,USA
258,2017-04-14,2017-04-21,7.13,Montréal,Canada
259,2017-04-15,2017-05-02,21.19,Brandenburg,Germany
260,2017-04-15,2017-04-22,47.45,México D.F.,Mexico
261,2017-04-16,2017-05-13,4.99,Köln,Germany
262,2017-04-17,2017-04-29,0.15,Mannheim,Germany
263,2017-04-18,2017-04-28,367.63,Boise,USA
264,2017-04-18,2017-04-21,350.64,Marseille,France
265,2017-04-21,2017-04-24,3.53,São Paulo,Brazil
266,2017-04-22,2017-04-28,105.65,Stuttgart,Germany
267,2017-04-22,2017-05-16,789.95,Graz,Austria
268,2017-04-23,2017-05-23,204.47,Cunewalde,Germany
269,2017-04-24,2017-05-01,62.78,Cork,Ireland
270,2017-04-24,2017-04-29,32.07,London,UK
271,2017-04-25,2017-05-05,218.15,México D.F.,Mexico
272,2017-04-28,2017-05-01,91.76,Bern,Switzerland
273,2017-04-29,2017-05-01,13.37,Stavern,Norway
274,2017-04-29,2017-05-02,17.22,Buenos Aires,Argentina
275,2017-04-30,2017-05-06,45.33,Frankfurt a.M.,Germany
276,2017-05-01,2017-05-30,77.63,London,UK
277,2017-05-01,2017-05-07,244.79,Luleå,Sweden
278,2017-05-02,2017-05-23,11.06,Marseille,France
279,2017-05-05,2017-05-15,58.59,Oulu,Finland
280,2017-05-05,2017-05-07,41.9,Cunewalde,Germany
281,2017-05-06,2017-05-09,3.35,Eugene,USA
282,2017-05-07,2017-05-09,66.69,Bruxelles,Belgium
283,2017-05-08,2017-05-12,339.22,Salzburg,Austria
284,2017-05-08,2017-05-19,8.12,Buenos Aires,Argentina
285,2017-05-09,2017-05-12,74.46,London,UK
286,2017-05-12,2017-05-22,188.04,Bräcke,Sweden
287,2017-05-12,2017-05-14,27.94,Frankfurt a.M.,Germany
288,2017-05-13,2017-05-21,15.64,México D.F.,Mexico
289,2017-05-14,2017-06-06,58.88,Frankfurt a.M.,Germany
290,2017-05-14,2017-05-19,78.85,Genève,Switzerland
291,2017-05-15,2017-05-16,4.87,London,UK
292,2017-05-16,2017-05-23,12.36,London,UK
293,2017-05-19,2017-06-13,1007.64,Cunewalde,Germany
294,2017-05-19,2017-05-29,68.65,Rio de Janeiro,Brazil
295,2017-05-20,2017-05-26,10.95,Brandenburg,Germany
296,2017-05-21,2017-05-23,48.17,Barquisimeto,Venezuela
297,2017-05-21,2017-05-30,24.91,Portland,USA
298,2017-05-22,2017-06-26,11.92,Walla Walla,USA
299,2017-05-23,2017-05-27,194.72,Lyon,France
300,2017-05-23,2017-06-02,178.43,London,UK
301,2017-05-26,2017-06-02,1.43,Münster,Germany
302,2017-05-27,2017-05-30,171.24,Cunewalde,Germany
303,2017-05-28,2017-06-06,4.32,Sevilla,Spain
304,2017-05-28,2017-06-06,72.95,Lisboa,Portugal
305,2017-05-29,2017-06-05,83.22,San Cristóbal,Venezuela
306,2017-05-30,2017-06-03,149.49,Oulu,Finland
307,2017-05-30,2017-06-05,120.97,Köln,Germany
308,2017-06-02,2017-06-04,252.49,Boise,USA
309,2017-06-03,2017-06-13,9.8,København,Denmark
310,2017-06-03,2017-06-06,96.72,Frankfurt a.M.,Germany
311,2017-06-04,2017-06-10,72.97,Colchester,UK
312,2017-06-05,2017-06-13,8.05,Strasbourg,France
313,2017-06-06,2017-06-09,36.65,München,Germany
314,2017-06-06,2017-06-09,242.21,Bräcke,Sweden
315,2017-06-09,2017-06-12,22.95,Reggio Emilia,Italy
316,2017-06-10,2017-06-24,60.43,Rio de Janeiro,Brazil
317,2017-06-10,2017-06-16,13.75,Albuquerque,USA
318,2017-06-11,2017-06-18,7.15,Montréal,Canada
319,2017-06-12,2017-06-18,88.4,Strasbourg,France
320,2017-06-12,2017-06-17,33.97,Cork,Ireland
321,2017-06-13,2017-07-09,6.54,Barcelona,Spain
322,2017-06-16,2017-07-11,58.98,Albuquerque,USA
323,2017-06-17,2017-06-19,188.99,Montréal,Canada
324,2017-06-17,2017-07-04,26.06,Graz,Austria
325,2017-06-18,2017-06-25,116.43,Luleå,Sweden
326,2017-06-19,2017-06-20,84.84,México D.F.,Mexico
327,2017-06-19,2017-06-30,37.6,Kirkland,USA
328,2017-06-20,2017-06-30,127.34,Leipzig,Germany
329,2017-06-23,2017-06-30,18.56,México D.F.,Mexico
330,2017-06-23,2017-06-30,25.41,Kirkland,USA
331,2017-06-24,2017-07-25,29.6,London,UK
332,2017-06-25,2017-07-04,13.73,San Francisco,USA
333,2017-06-26,2017-07-01,75.89,Köln,Germany
334,2017-06-26,2017-07-02,3.01,São Paulo,Brazil
335,2017-06-27,2017-07-14,27.71,Mannheim,Germany
336,2017-06-30,2017-07-04,7.28,Oulu,Finland
337,2017-06-30,2017-07-04,59.14,Strasbourg,France
338,2017-07-01,2017-07-10,13.41,Resende,Brazil
339,2017-07-02,2017-07-09,0.48,Reggio Emilia,Italy
340,2017-07-02,2017-07-09,62.52,Rio de Janeiro,Brazil
341,2017-07-03,2017-07-10,194.67,Cunewalde,Germany
342,2017-07-04,2017-07-14,4.42,Eugene,USA
343,2017-07-07,2017-07-14,44.77,Montréal,Canada
344,2017-07-07,2017-07-16,55.92,Århus,Denmark
345,2017-07-08,2017-07-16,32.1,Frankfurt a.M.,Germany
346,2017-07-09,2017-08-13,174.2,Frankfurt a.M.,Germany
347,2017-07-09,2017-07-16,5.24,Anchorage,USA
348,2017-07-10,2017-07-14,96.78,Graz,Austria
349,2017-07-11,2017-08-12,16.34,Seattle,USA
350,2017-07-11,2017-07-18,35.12,Salzburg,Austria
351,2017-07-14,2017-07-18,44.42,Albuquerque,USA
352,2017-07-15,2017-07-21,29.98,London,UK
353,2017-07-16,2017-07-21,45.13,Elgin,USA
354,2017-07-16,2017-07-22,58.3,San Cristóbal,Venezuela
355,2017-07-17,2017-07-22,2.92,Århus,Denmark
356,2017-07-18,2017-08-08,48.77,Boise,USA
357,2017-07-18,2017-07-29,7.46,Lisboa,Portugal
358,2017-07-21,2017-07-29,379.13,Montréal,Canada
359,2017-07-22,2017-07-31,79.4,São Paulo,Brazil
360,2017-07-22,2017-07-25,200.24,Boise,USA
361,2017-07-23,2017-08-01,27.79,Münster,Germany
362,2017-07-24,2017-07-30,1.85,Nantes,France
363,2017-07-25,2017-08-06,26.78,Toulouse,France
364,2017-07-25,2017-08-01,80.65,Warszawa,Poland
365,2017-07-28,2017-08-01,544.08,Boise,USA
366,2017-07-29,2017-08-01,8.11,San Cristóbal,Venezuela
367,2017-07-29,2017-08-01,1.93,Mannheim,Germany
368,2017-07-30,2017-08-06,0.75,Helsinki,Finland
369,2017-07-31,2017-08-05,116.53,Eugene,USA
370,2017-07-31,2017-08-04,18.53,Eugene,USA
371,2017-08-01,2017-08-08,154.68,Montréal,Canada
372,2017-08-04,2017-08-07,91.05,Montréal,Canada
373,2017-08-05,2017-08-14,0.94,Vancouver,Canada
374,2017-08-05,2017-08-11,23.73,Cowes,UK
375,2017-08-06,2017-08-11,50.97,Rio de Janeiro,Brazil
376,2017-08-07,2017-08-12,97.18,München,Germany
377,2017-08-07,2017-08-19,94.8,Butte,USA
378,2017-08-08,2017-08-14,43.9,México D.F.,Mexico
379,2017-08-11,2017-08-20,138.69,Luleå,Sweden
380,2017-08-11,2017-08-21,107.46,Boise,USA
381,2017-08-12,2017-08-20,30.36,Strasbourg,France
382,2017-08-12,2017-08-20,85.46,Sevilla,Spain
383,2017-08-13,2017-08-19,32.35,Brandenburg,Germany
384,2017-08-14,2017-08-15,0.87,Toulouse,France
385,2017-08-14,2017-08-19,41.38,Stuttgart,Germany
386,2017-08-15,2017-08-18,477.9,Graz,Austria
387,2017-08-15,2017-08-21,487.38,Lille,France
388,2017-08-18,2017-08-21,47.46,Bergamo,Italy
389,2017-08-19,2017-08-26,1.15,Oulu,Finland
390,2017-08-19,2017-08-26,201.29,São Paulo,Brazil
391,2017-08-20,2017-09-01,158.44,I. de Margarita,Venezuela
392,2017-08-20,2017-08-27,38.64,Stavern,Norway
393,2017-08-21,2017-08-28,23.55,Stuttgart,Germany
394,2017-08-22,2017-08-26,179.61,San Cristóbal,Venezuela
395,2017-08-22,2017-09-05,41.89,København,Denmark
396,2017-08-25,2017-09-02,29.46,Berlin,Germany
397,2017-08-25,2017-09-01,0.14,Resende,Brazil
398,2017-08-26,2017-09-02,12.41,Rio de Janeiro,Brazil
399,2017-08-27,2017-09-03,142.33,Cork,Ireland
400,2017-08-27,2017-09-03,45.54,Rio de Janeiro,Brazil
401,2017-08-28,2017-09-09,14.25,Rio de Janeiro,Brazil
402,2017-08-28,2017-08-29,6.2,Bruxelles,Belgium
403,2017-08-29,2017-09-03,176.81,São Paulo,Brazil
404,2017-09-01,2017-09-11,20.6,Stuttgart,Germany
405,2017-09-01,2017-09-08,7.14,Campinas,Brazil
406,2017-09-02,2017-09-19,93.25,München,Germany
407,2017-09-02,2017-09-11,55.26,Luleå,Sweden
408,2017-09-03,2017-09-11,4.41,Reggio Emilia,Italy
409,2017-09-04,2017-09-10,57.15,Eugene,USA
410,2017-09-04,2017-09-15,352.69,Boise,USA
411,2017-09-05,2017-09-08,364.15,Cunewalde,Germany
412,2017-09-05,2017-09-10,105.81,São Paulo,Brazil
413,2017-09-08,2017-10-15,111.29,Elgin,USA
414,2017-09-09,2017-09-15,17.55,Cork,Ireland
415,2017-09-09,2017-09-18,1.28,Portland,USA
416,2017-09-10,2017-10-03,113.15,Marseille,France
417,2017-09-10,2017-09-19,1.27,Lisboa,Portugal
418,2017-09-11,2017-09-17,26.31,Portland,USA
419,2017-09-12,2017-09-22,232.42,Genève,Switzerland
420,2017-09-12,2017-09-19,78.09,Graz,Austria
421,2017-09-15,2017-09-23,47.22,Stuttgart,Germany
422,2017-09-15,2017-09-22,24.39,København,Denmark
423,2017-09-16,2017-09-18,203.48,München,Germany
424,2017-09-17,2017-09-24,30.34,Nantes,France
425,2017-09-17,2017-09-26,95.75,Luleå,Sweden
426,2017-09-18,2017-09-19,22.76,Helsinki,Finland
427,2017-09-18,2017-09-30,0.9,Cowes,UK
428,2017-09-19,2017-09-23,31.85,München,Germany
429,2017-09-22,2017-09-29,2.01,México D.F.,Mexico
430,2017-09-22,2017-09-26,4.03,México D.F.,Mexico
431,2017-09-23,2017-10-16,388.98,Boise,USA
432,2017-09-23,2017-09-30,27.94,Strasbourg,France
433,2017-09-24,2017-09-26,26.61,Anchorage,USA
434,2017-09-25,2017-09-30,76.13,Eugene,USA
435,2017-09-25,2017-10-01,36.13,México D.F.,Mexico
436,2017-09-26,2017-10-01,4.4,Nantes,France
437,2017-09-26,2017-09-30,145.63,Köln,Germany
438,2017-09-29,2017-10-03,33.75,Campinas,Brazil
439,2017-09-30,2017-10-08,96.5,Salzburg,Austria
440,2017-09-30,2017-10-30,296.43,Cork,Ireland
441,2017-10-01,2017-10-07,299.09,Århus,Denmark
442,2017-10-01,2017-10-07,13.42,Luleå,Sweden
443,2017-10-02,2017-10-03,15.8,Rio de Janeiro,Brazil
444,2017-10-03,2017-10-22,810.05,Cunewalde,Germany
445,2017-10-03,2017-10-13,61.02,Berlin,Germany
446,2017-10-06,2017-10-10,139.34,Seattle,USA
447,2017-10-06,2017-10-09,398.36,Cunewalde,Germany
448,2017-10-07,2017-10-14,16.72,Helsinki,Finland
449,2017-10-08,2017-10-14,102.55,Seattle,USA
450,2017-10-08,2017-10-14,45.52,I. de Margarita,Venezuela
451,2017-10-09,2017-10-17,272.47,Graz,Austria
452,2017-10-09,2017-10-13,0.58,Leipzig,Germany
453,2017-10-10,2017-10-16,65.1,Boise,USA
454,2017-10-13,2017-10-15,220.31,Cork,Ireland
455,2017-10-13,2017-10-21,23.94,Berlin,Germany
456,2017-10-14,2017-10-20,152.3,Bräcke,Sweden
457,2017-10-14,2017-11-07,4.78,São Paulo,Brazil
458,2017-10-15,2017-11-18,3.52,San Cristóbal,Venezuela
459,2017-10-16,2017-10-21,135.63,Anchorage,USA
460,2017-10-16,2017-10-23,21.74,Colchester,UK
461,2017-10-17,2017-11-05,2.96,Portland,USA
462,2017-10-17,2017-11-20,210.8,Campinas,Brazil
463,2017-10-20,2017-10-23,4.98,Torino,Italy
464,2017-10-21,2017-10-29,52.41,Boise,USA
465,2017-10-21,2017-10-31,89.93,Cork,Ireland
466,2017-10-22,2017-10-24,167.05,Boise,USA
467,2017-10-22,2017-10-27,24.49,Boise,USA
468,2017-10-23,2017-10-29,63.2,Marseille,France
469,2017-10-24,2017-10-27,22.57,Buenos Aires,Argentina
470,2017-10-24,2017-10-29,59.25,München,Germany
471,2017-10-27,2017-10-29,170.88,Brandenburg,Germany
472,2017-10-27,2017-11-05,51.44,San Francisco,USA
473,2017-10-28,2017-11-05,9.53,Rio de Janeiro,Brazil
474,2017-10-29,2017-10-31,48.92,Cunewalde,Germany
475,2017-10-29,2017-11-04,74.58,Boise,USA
476,2017-10-30,2017-11-25,21.72,Seattle,USA
477,2017-10-30,2017-11-05,57.75,Montréal,Canada
478,2017-10-31,2017-11-05,10.83,São Paulo,Brazil
479,2017-11-03,2017-12-05,16.56,London,UK
480,2017-11-03,2017-12-05,89.9,Reggio Emilia,Italy
481,2017-11-04,2017-11-11,58.33,São Paulo,Brazil
482,2017-11-04,2017-11-14,141.06,I. de Margarita,Venezuela
483,2017-11-05,2017-11-14,20.12,Marseille,France
484,2017-11-06,2017-11-14,96.65,Bern,Switzerland
485,2017-11-06,2017-11-07,16.97,Marseille,France
486,2017-11-07,2017-11-10,110.11,Luleå,Sweden
487,2017-11-07,2017-11-12,1.63,Campinas,Brazil
488,2017-11-10,2017-11-21,45.97,San Francisco,USA
489,2017-11-11,2017-11-21,44.1,Cork,Ireland
490,2017-11-11,2017-11-18,7.79,Reims,France
491,2017-11-12,2017-11-18,2.91,Paris,France
492,2017-11-12,2017-11-17,11.08,Reims,France
493,2017-11-13,2017-11-25,81.88,Seattle,USA
494,2017-11-14,2017-11-18,10.96,Colchester,UK
495,2017-11-14,2017-11-18,243.73,Tsawassen,Canada
496,2017-11-17,2017-11-21,23.72,Colchester,UK
497,2017-11-17,2017-11-24,69.19,Århus,Denmark
498,2017-11-18,2017-11-27,3.52,Cunewalde,Germany
499,2017-11-19,2017-11-21,31.43,Bern,Switzerland
500,2017-11-19,2017-11-26,117.33,Salzburg,Austria
501,2017-11-20,2017-11-28,232.55,Boise,USA
502,2017-11-20,2017-12-19,61.53,Cowes,UK
503,2017-11-21,2017-11-24,79.3,Oulu,Finland
504,2017-11-24,2017-12-03,130.79,Genève,Switzerland
505,2017-11-24,2017-11-28,1.39,London,UK
506,2017-11-25,2017-11-27,7.7,Torino,Italy
507,2017-11-25,2017-11-27,2.38,Bergamo,Italy
508,2017-11-26,2017-11-28,16.71,Marseille,France
509,2017-11-27,2017-12-02,73.21,Lander,USA
510,2017-11-27,2017-12-15,8.19,Boise,USA
511,2017-11-28,2017-12-04,138.17,Genève,Switzerland
512,2017-11-28,2017-12-12,11.99,México D.F.,Mexico
513,2017-12-01,2017-12-10,155.64,Bruxelles,Belgium
514,2017-12-02,2017-12-08,18.66,Albuquerque,USA
515,2017-12-02,2017-12-09,328.74,Bräcke,Sweden
516,2017-12-03,2017-12-08,37.35,Lille,France
517,2017-12-03,2017-12-08,145.45,Graz,Austria
518,2017-12-04,2017-12-09,42.74,Cunewalde,Germany
519,2017-12-05,2017-12-09,157.55,Köln,Germany
520,2017-12-05,2017-12-15,1.59,Charleroi,Belgium
521,2017-12-08,2017-12-15,146.32,Colchester,UK
522,2017-12-08,2017-12-12,65.06,Århus,Denmark
523,2017-12-09,2017-12-17,5.32,Rio de Janeiro,Brazil
524,2017-12-10,2018-01-02,11.19,Graz,Austria
525,2017-12-10,2017-12-19,91.28,Frankfurt a.M.,Germany
526,2017-12-11,2017-12-16,96.43,Graz,Austria
527,2017-12-11,2017-12-12,48.2,Bräcke,Sweden
528,2017-12-12,2017-12-26,20.25,Butte,USA
529,2017-12-15,2017-12-18,351.53,Graz,Austria
530,2017-12-15,2018-01-21,3.01,Campinas,Brazil
531,2017-12-16,2017-12-24,6.79,Luleå,Sweden
532,2017-12-16,2018-01-14,58.13,Leipzig,Germany
533,2017-12-16,2017-12-25,42.13,Barquisimeto,Venezuela
534,2017-12-17,2017-12-19,73.16,Oulu,Finland
535,2017-12-17,2017-12-22,1.1,Buenos Aires,Argentina
536,2017-12-18,2017-12-19,124.98,Rio de Janeiro,Brazil
537,2017-12-18,2017-12-22,70.09,Bergamo,Italy
538,2017-12-18,2017-12-24,1.51,Caracas,Venezuela
539,2017-12-19,2017-12-23,110.87,São Paulo,Brazil
540,2017-12-19,2017-12-26,249.93,Toulouse,France
541,2017-12-22,2018-01-19,42.7,Cunewalde,Germany
542,2017-12-22,2017-12-31,100.6,Lille,France
543,2017-12-22,2017-12-26,28.23,Campinas,Brazil
544,2017-12-23,2018-01-01,16.85,München,Germany
545,2017-12-23,2017-12-31,23.79,Warszawa,Poland
546,2017-12-24,2018-01-08,4.52,Colchester,UK
547,2017-12-24,2018-01-02,21.49,Rio de Janeiro,Brazil
548,2017-12-24,2018-01-20,126.66,Graz,Austria
549,2017-12-25,2018-01-14,26.52,San Cristóbal,Venezuela
550,2017-12-25,2018-01-05,33.35,Aachen,Germany
551,2017-12-26,2018-01-05,2.33,Cowes,UK
552,2017-12-26,2018-01-05,30.76,Brandenburg,Germany
553,2017-12-26,2018-01-05,137.44,London,UK
554,2017-12-29,2017-12-31,97.09,Madrid,Spain
555,2017-12-29,2018-01-02,257.26,København,Denmark
556,2017-12-30,2018-01-06,55.23,Resende,Brazil
557,2017-12-30,2018-01-07,27.33,London,UK
558,2017-12-30,2018-01-09,237.34,Portland,USA
559,2017-12-31,2018-01-05,22.11,Lyon,France
560,2017-12-31,2018-01-30,1.36,Torino,Italy
561,2018-01-01,2018-01-09,45.53,Anchorage,USA
562,2018-01-01,2018-01-07,4.87,Resende,Brazil
563,2018-01-01,2018-01-07,4.33,Vancouver,Canada
564,2018-01-02,2018-01-08,31.22,I. de Margarita,Venezuela
565,2018-01-02,2018-01-12,59.78,Reggio Emilia,Italy
566,2018-01-05,2018-01-09,47.38,Rio de Janeiro,Brazil
567,2018-01-05,2018-01-14,130.94,Lyon,France
568,2018-01-05,2018-01-14,14.62,Boise,USA
569,2018-01-06,2018-02-04,719.78,Eugene,USA
570,2018-01-06,2018-01-13,306.07,Brandenburg,Germany
571,2018-01-07,2018-01-12,65.48,Bergamo,Italy
572,2018-01-07,2018-01-16,19.76,Buenos Aires,Argentina
573,2018-01-07,2018-01-13,37.52,Albuquerque,USA
574,2018-01-08,2018-01-15,36.68,Lander,USA
575,2018-01-08,2018-01-16,7,Kirkland,USA
576,2018-01-09,2018-01-13,163.97,Barquisimeto,Venezuela
577,2018-01-09,2018-01-30,1.23,Bräcke,Sweden
578,2018-01-09,2018-01-14,79.25,Aachen,Germany
579,2018-01-12,2018-02-06,7.09,Strasbourg,France
580,2018-01-12,2018-02-06,63.54,Marseille,France
581,2018-01-13,2018-02-04,90.85,Buenos Aires,Argentina
582,2018-01-13,2018-01-23,154.72,Cowes,UK
583,2018-01-13,2018-01-21,81.83,São Paulo,Brazil
584,2018-01-14,2018-01-23,72.19,Stavern,Norway
585,2018-01-14,2018-01-19,43.26,Toulouse,France
586,2018-01-15,2018-01-23,71.49,Köln,Germany
587,2018-01-15,2018-01-19,29.78,São Paulo,Brazil
588,2018-01-15,2018-01-21,69.53,Berlin,Germany
589,2018-01-16,2018-01-21,411.88,Graz,Austria
590,2018-01-16,2018-01-23,13.32,Luleå,Sweden
591,2018-01-19,2018-01-23,59.28,I. de Margarita,Venezuela
592,2018-01-19,2018-01-22,35.43,São Paulo,Brazil
593,2018-01-19,2018-02-16,2.71,I. de Margarita,Venezuela
594,2018-01-20,2018-01-29,424.3,Charleroi,Belgium
595,2018-01-20,2018-01-29,54.42,México D.F.,Mexico
596,2018-01-21,2018-01-26,9.26,Lyon,France
597,2018-01-21,2018-01-26,25.22,Salzburg,Austria
598,2018-01-21,2018-01-30,212.98,Cunewalde,Germany
599,2018-01-22,2018-01-23,56.46,Charleroi,Belgium
600,2018-01-22,2018-02-10,487.57,Boise,USA
601,2018-01-23,2018-01-29,38.24,London,UK
602,2018-01-23,2018-01-30,0.56,Brandenburg,Germany
603,2018-01-23,2018-01-30,49.19,Lyon,France
604,2018-01-26,2018-02-02,160.55,Rio de Janeiro,Brazil
605,2018-01-26,2018-01-30,174.05,Albuquerque,USA
606,2018-01-27,2018-02-03,53.83,Mannheim,Germany
607,2018-01-27,2018-02-05,100.22,Graz,Austria
608,2018-01-27,2018-02-04,170.97,Anchorage,USA
609,2018-01-28,2018-02-10,58.43,México D.F.,Mexico
610,2018-01-28,2018-02-06,188.85,Luleå,Sweden
611,2018-01-29,2018-02-03,52.51,Versailles,France
612,2018-01-29,2018-02-02,76.1,München,Germany
613,2018-01-29,2018-02-04,19.26,Nantes,France
614,2018-01-30,2018-02-17,14.93,Seattle,USA
615,2018-01-30,2018-02-02,53.23,Frankfurt a.M.,Germany
616,2018-02-02,2018-02-17,30.26,San Cristóbal,Venezuela
617,2018-02-02,2018-02-09,3.04,Colchester,UK
618,2018-02-02,2018-02-12,348.14,Cunewalde,Germany
619,2018-02-03,2018-02-12,109.11,Luleå,Sweden
620,2018-02-03,2018-02-11,1.93,Portland,USA
621,2018-02-04,2018-02-23,191.27,São Paulo,Brazil
622,2018-02-04,2018-02-09,143.28,London,UK
623,2018-02-04,2018-02-13,12.04,Warszawa,Poland
624,2018-02-05,2018-02-10,112.27,Marseille,France
625,2018-02-05,2018-02-09,175.32,Sevilla,Spain
626,2018-02-06,2018-02-09,0.82,Helsinki,Finland
627,2018-02-06,2018-02-11,19.58,Sevilla,Spain
628,2018-02-06,2018-03-03,32.37,Luleå,Sweden
629,2018-02-09,2018-02-12,60.42,Marseille,France
630,2018-02-09,2018-02-19,38.06,Rio de Janeiro,Brazil
631,2018-02-10,2018-02-12,46.69,Cunewalde,Germany
632,2018-02-10,2018-02-12,8.5,Helsinki,Finland
633,2018-02-10,2018-02-18,88.01,Bräcke,Sweden
634,2018-02-11,2018-02-18,2.84,Buenos Aires,Argentina
635,2018-02-11,2018-02-20,23.1,Boise,USA
636,2018-02-12,2018-02-20,0.53,Portland,USA
637,2018-02-12,2018-02-13,90.97,San Francisco,USA
638,2018-02-12,2018-02-18,5.64,Charleroi,Belgium
639,2018-02-13,2018-03-02,4.99,Rio de Janeiro,Brazil
640,2018-02-13,2018-02-16,1.25,Barcelona,Spain
641,2018-02-16,2018-02-23,51.87,Sevilla,Spain
642,2018-02-16,2018-02-23,280.61,Albuquerque,USA
643,2018-02-16,2018-02-18,32.76,Nantes,France
644,2018-02-17,2018-02-19,20.37,Frankfurt a.M.,Germany
645,2018-02-17,2018-02-19,120.27,Bruxelles,Belgium
646,2018-02-18,2018-02-20,77.78,Brandenburg,Germany
647,2018-02-18,2018-02-20,116.13,Boise,USA
648,2018-02-18,2018-02-23,162.75,Graz,Austria
649,2018-02-19,2018-02-27,32.45,Bruxelles,Belgium
650,2018-02-19,2018-02-25,603.54,Cork,Ireland
651,2018-02-20,2018-03-06,1.27,Buenos Aires,Argentina
652,2018-02-20,2018-02-26,1.21,Barquisimeto,Venezuela
653,2018-02-20,2018-03-04,1.66,Resende,Brazil
654,2018-02-23,2018-02-26,62.09,San Cristóbal,Venezuela
655,2018-02-23,2018-03-03,44.15,Bräcke,Sweden
656,2018-02-24,2018-03-04,36.71,Rio de Janeiro,Brazil
657,2018-02-24,2018-02-27,162.95,Seattle,USA
658,2018-02-24,2018-03-06,13.72,Resende,Brazil
659,2018-02-25,2018-03-03,26.29,Warszawa,Poland
660,2018-02-25,2018-02-27,9.19,Paris,France
661,2018-02-26,2018-03-06,32.96,Reggio Emilia,Italy
662,2018-02-26,2018-03-10,53.05,Stavern,Norway
663,2018-02-26,2018-03-04,38.11,Helsinki,Finland
664,2018-02-26,2018-03-05,38.19,Sevilla,Spain
665,2018-02-26,2018-03-18,580.91,Cork,Ireland
666,2018-02-26,2018-03-04,33.05,São Paulo,Brazil
667,2018-02-27,2018-03-02,21.19,São Paulo,Brazil
668,2018-02-27,2018-03-02,3.51,México D.F.,Mexico
669,2018-02-27,2018-03-09,63.77,Buenos Aires,Argentina
670,2018-03-02,2018-03-11,8.29,Madrid,Spain
671,2018-03-02,2018-03-11,48.83,Tsawassen,Canada
672,2018-03-02,2018-03-04,19.8,I. de Margarita,Venezuela
673,2018-03-03,2018-03-09,29.61,Colchester,UK
674,2018-03-03,2018-03-09,176.48,Århus,Denmark
675,2018-03-03,2018-03-05,62.74,Rio de Janeiro,Brazil
676,2018-03-03,2018-03-13,68.26,Toulouse,France
677,2018-03-04,2018-04-08,151.52,Luleå,Sweden
678,2018-03-04,2018-03-13,2.27,Rio de Janeiro,Brazil
679,2018-03-04,2018-03-11,39.92,México D.F.,Mexico
680,2018-03-05,2018-04-08,19.79,Versailles,France
681,2018-03-05,2018-03-18,1.36,Barcelona,Spain
682,2018-03-05,2018-03-12,33.93,München,Germany
683,2018-03-06,2018-03-18,15.55,Charleroi,Belgium
684,2018-03-06,2018-03-19,13.6,Genève,Switzerland
685,2018-03-06,2018-03-24,134.64,Marseille,France
686,2018-03-06,2018-03-16,54.15,Cowes,UK
687,2018-03-09,2018-03-12,32.01,Frankfurt a.M.,Germany
688,2018-03-09,2018-03-18,47.59,Resende,Brazil
689,2018-03-09,2018-03-18,33.68,Eugene,USA
690,2018-03-10,2018-03-13,31.51,Buenos Aires,Argentina
691,2018-03-10,2018-03-16,31.89,Cunewalde,Germany
692,2018-03-10,2018-03-13,76.33,Bergamo,Italy
693,2018-03-11,2018-03-23,19.77,Marseille,France
694,2018-03-11,2018-03-20,400.81,Boise,USA
695,2018-03-11,2018-03-18,17.95,Reggio Emilia,Italy
696,2018-03-11,2018-03-19,2.17,London,UK
697,2018-03-12,2018-03-13,52.92,Tsawassen,Canada
698,2018-03-12,2018-03-18,10.22,Leipzig,Germany
699,2018-03-12,2018-03-19,27.2,Århus,Denmark
700,2018-03-13,2018-03-16,3.26,London,UK
701,2018-03-13,2018-03-19,23.39,Sevilla,Spain
702,2018-03-13,2018-03-17,74.44,Tsawassen,Canada
703,2018-03-16,2018-03-23,2.5,Bergamo,Italy
704,2018-03-16,2018-04-07,30.85,Genève,Switzerland
705,2018-03-16,2018-03-24,40.42,Berlin,Germany
706,2018-03-16,2018-03-25,23.72,Colchester,UK
707,2018-03-17,2018-03-20,27.91,I. de Margarita,Venezuela
708,2018-03-17,2018-03-20,3.26,Bräcke,Sweden
709,2018-03-17,2018-03-20,44.65,Mannheim,Germany
710,2018-03-18,2018-03-27,105.36,San Cristóbal,Venezuela
711,2018-03-18,2018-03-27,49.56,Buenos Aires,Argentina
712,2018-03-18,2018-03-23,4.98,Campinas,Brazil
713,2018-03-19,2018-04-08,2.08,San Cristóbal,Venezuela
714,2018-03-19,2018-03-30,104.47,São Paulo,Brazil
715,2018-03-19,2018-03-23,275.79,Cunewalde,Germany
716,2018-03-19,2018-03-26,2.7,Lisboa,Portugal
717,2018-03-20,2018-03-24,87.38,Paris,France
718,2018-03-20,2018-03-30,144.38,Anchorage,USA
719,2018-03-20,2018-04-08,27.19,Bern,Switzerland
720,2018-03-23,2018-04-02,62.22,Münster,Germany
721,2018-03-23,2018-04-01,74.6,Graz,Austria
722,2018-03-23,2018-03-30,0.21,São Paulo,Brazil
723,2018-03-24,2018-04-24,16.16,Madrid,Spain
724,2018-03-24,2018-04-02,121.82,Nantes,France
725,2018-03-24,2018-03-26,0.02,Versailles,France
726,2018-03-24,2018-03-27,15.17,Versailles,France
727,2018-03-25,2018-04-03,12.96,Lander,USA
728,2018-03-25,2018-03-27,32.27,Tsawassen,Canada
729,2018-03-25,2018-04-03,37.97,San Cristóbal,Venezuela
730,2018-03-26,2018-04-10,208.5,Bräcke,Sweden
731,2018-03-26,2018-04-23,32.82,Bruxelles,Belgium
732,2018-03-26,2018-03-31,353.07,Graz,Austria
733,2018-03-27,2018-04-17,1.26,Bräcke,Sweden
734,2018-03-27,2018-04-02,193.37,Rio de Janeiro,Brazil
735,2018-03-27,2018-04-08,14.01,Tsawassen,Canada
736,2018-03-27,2018-04-06,657.54,Boise,USA
737,2018-03-30,2018-04-03,211.22,Boise,USA
738,2018-03-30,2018-04-02,91.51,Cork,Ireland
739,2018-03-30,2018-04-21,217.86,Buenos Aires,Argentina
740,2018-03-31,2018-04-06,185.48,London,UK
741,2018-03-31,2018-04-10,61.14,Albuquerque,USA
742,2018-03-31,2018-04-02,34.76,Rio de Janeiro,Brazil
743,2018-04-01,2018-04-07,117.61,Graz,Austria
744,2018-04-01,2018-04-07,38.51,Cunewalde,Germany
745,2018-04-01,2018-04-03,4.27,Portland,USA
746,2018-04-01,2018-04-10,8.81,Bräcke,Sweden
747,2018-04-02,2018-04-09,65.53,Århus,Denmark
748,2018-04-02,2018-04-06,46,México D.F.,Mexico
749,2018-04-02,2018-04-10,1.12,Cunewalde,Germany
750,2018-04-03,2018-04-13,73.91,Barquisimeto,Venezuela
751,2018-04-03,2018-04-17,20.31,Warszawa,Poland
752,2018-04-03,2018-04-10,96.35,Köln,Germany
753,2018-04-06,2018-04-14,55.12,Albuquerque,USA
754,2018-04-06,2018-04-14,197.3,Bräcke,Sweden
755,2018-04-06,2018-04-16,141.16,Boise,USA
756,2018-04-06,2018-04-08,14.91,Butte,USA
757,2018-04-07,2018-04-20,44.84,Bruxelles,Belgium
758,2018-04-07,2018-04-10,0.75,Helsinki,Finland
759,2018-04-07,2018-04-15,25.19,Eugene,USA
760,2018-04-08,2018-04-13,202.24,Lisboa,Portugal
762,2018-04-08,2018-04-10,59.11,Sevilla,Spain
763,2018-04-09,2018-04-21,28.71,Reggio Emilia,Italy
764,2018-04-09,2018-04-13,1.21,Berlin,Germany
765,2018-04-09,2018-04-17,242.95,München,Germany
766,2018-04-09,2018-04-10,32.99,Madrid,Spain
767,2018-04-10,2018-04-15,23.6,I. de Margarita,Venezuela
768,2018-04-10,2018-04-20,4.62,Stavern,Norway
769,2018-04-10,2018-04-13,33.8,Colchester,UK
770,2018-04-13,2018-04-20,754.26,Graz,Austria
771,2018-04-13,2018-04-16,11.65,Portland,USA
773,2018-04-14,2018-04-16,43.3,Köln,Germany
774,2018-04-14,2018-04-21,297.18,Cunewalde,Germany
775,2018-04-14,2018-05-04,6.27,Rio de Janeiro,Brazil
776,2018-04-14,2018-04-24,123.83,London,UK
777,2018-04-15,2018-04-20,74.36,London,UK
778,2018-04-15,2018-04-24,29.17,Oulu,Finland
779,2018-04-15,2018-04-28,47.09,Torino,Italy
780,2018-04-16,2018-04-20,52.52,Tsawassen,Canada
781,2018-04-16,2018-04-22,29.59,Brandenburg,Germany
782,2018-04-16,2018-04-27,47.84,Bern,Switzerland
783,2018-04-17,2018-04-27,830.75,Boise,USA
784,2018-04-17,2018-04-24,227.22,Boise,USA
785,2018-04-17,2018-04-23,606.19,Seattle,USA
786,2018-04-17,2018-04-23,84.74,Genève,Switzerland
787,2018-04-20,2018-04-27,40.32,Anchorage,USA
788,2018-04-20,2018-04-24,0.17,Charleroi,Belgium
789,2018-04-20,2018-04-22,149.47,Aachen,Germany
790,2018-04-21,2018-04-27,3.2,Sevilla,Spain
791,2018-04-21,2018-04-30,29.59,Charleroi,Belgium
794,2018-04-22,2018-04-28,48.22,Bern,Switzerland
795,2018-04-22,2018-05-01,29.99,São Paulo,Brazil
796,2018-04-22,2018-04-29,8.8,Paris,France
797,2018-04-23,2018-05-01,8.72,Warszawa,Poland
799,2018-04-23,2018-04-24,71.64,Stuttgart,Germany
800,2018-04-24,2018-05-01,46.62,London,UK
801,2018-04-24,2018-04-30,24.12,Tsawassen,Canada
802,2018-04-24,2018-05-04,8.34,Campinas,Brazil
803,2018-04-27,2018-05-05,59.41,Bräcke,Sweden
805,2018-04-27,2018-05-01,67.26,Rio de Janeiro,Brazil
806,2018-04-27,2018-04-29,53.05,Salzburg,Austria
808,2018-04-28,2018-05-05,120.92,San Cristóbal,Venezuela
809,2018-04-28,2018-05-01,278.96,London,UK
810,2018-04-29,2018-05-01,4.13,London,UK
813,2018-04-30,2018-05-04,10.98,Torino,Italy
816,2018-04-30,2018-05-06,81.73,Cork,Ireland
817,2018-05-01,2018-05-04,30.09,Boise,USA
819,2018-05-01,2018-05-04,44.72,Seattle,USA
820,2018-05-04,2018-05-06,7.98,Aachen,Germany
822,2018-05-04,2018-05-06,15.67,México D.F.,Mexico